investor_raw,company_id,company_canonical,is_consortium,members,ownership,review_note,ownership_status,evidence_source,chinese_name,firm_type,controllers,control_paths,is_jv_vehicle,origin_country,external_note
State Grid,state-grid,State Grid,FALSE,,Central SOE,SASAC central SOE (SASAC central list / Asia Society BRI toolkit),confirmed,revision-externa-2026-07,国家电网有限公司,有限责任公司(国有独资),国务院国有资产监督管理委员会,国务院国有资产监督管理委员会->投资100%->国家电网有限公司,,,
China Three Gorges,china-three-gorges,China Three Gorges,FALSE,,Central SOE,SASAC central SOE,confirmed,revision-externa-2026-07,中国长江三峡集团有限公司,有限责任公司(国有独资),国务院国有资产监督管理委员会,国务院国有资产监督管理委员会->投资100%->中国长江三峡集团有限公司,,,
Sinopec,sinopec,Sinopec,FALSE,,Central SOE,SASAC central SOE (China Petroleum & Chemical Corp / Sinopec Group),confirmed,revision-externa-2026-07,中国石油化工集团有限公司,有限责任公司(国有独资),国务院国有资产监督管理委员会,国务院国有资产监督管理委员会->投资100%->中国石油化工集团有限公司,,,
China National Petroleum Corporation,china-national-petroleum-corporation,China National Petroleum,FALSE,,Central SOE,SASAC central SOE (CNPC),confirmed,revision-externa-2026-07,中国石油天然气集团有限公司,有限责任公司(国有独资),国务院国有资产监督管理委员会,国务院国有资产监督管理委员会->投资100%->中国石油天然气集团有限公司,,,
Gezhouba,gezhouba,China Gezhouba,FALSE,,Central SOE,subsidiary of China Energy Engineering Group (CEEC); SASAC central SOE,confirmed,revision-externa-2026-07,中国葛洲坝集团股份有限公司,其他股份有限公司(非上市),国务院国有资产监督管理委员会,国务院国有资产监督管理委员会->投资45.04%->中国能源建设股份有限公司->投资57.1642%->中国葛洲坝集团股份有限公司|国务院国有资产监督管理委员会->投资45.04%->中国能源建设股份有限公司->投资100%->中国葛洲坝集团有限公司->投资42.8358%->中国葛洲坝集团股份有限公司,,,
China National Offshore Oil Corporation,china-national-offshore-oil-corporation,China National Offshore Oil,FALSE,,Central SOE,SASAC central SOE (CNOOC),confirmed,revision-externa-2026-07,中国海洋石油集团有限公司,有限责任公司(国有独资),国务院国有资产监督管理委员会,国务院国有资产监督管理委员会->投资100%->中国海洋石油集团有限公司,,,
"MMG, Guoxin, and CITIC Metal Company",mmg-guoxin-and-citic-metal-company,"MMG, Guoxin, and CITIC Metal",TRUE,mmg|guoxin|citic,,"CONSORTIUM, Las Bambas (MMG 62.5% / Guoxin 22.5% / CITIC Metal 15%); all three state-owned. Source: MMG / Minmetals press, minmetals.com.",derived,,,,,,,,
PowerChina,powerchina,Power Construction Corporation of China,FALSE,,Central SOE,SASAC central SOE (PowerChina),confirmed,revision-externa-2026-07,中国电力建设集团有限公司,有限责任公司(国有独资),国务院国有资产监督管理委员会,国务院国有资产监督管理委员会->投资100%->中国电力建设集团有限公司,,,
Zijin,zijin,Zijin Mining,FALSE,,Local SOE,"Ultimate controller: Minxi Xinghang State-owned Assets (Shanghang county government), around 23%. A local/provincial SOE, not central SASAC. Source: Wikipedia/Zijin",confirmed,revision-externa-2026-07,紫金矿业集团股份有限公司,股份有限公司(上市、国有控股),上杭县财政局,上杭县财政局->投资22.88%->紫金矿业集团股份有限公司,,,
China Railway Construction Corporation,china-railway-construction-corporation,China Railway Construction,FALSE,,Central SOE,SASAC central SOE (CRCC). Controls the numbered bureaus 11 to 25. Source: Wikipedia CRCC,confirmed,revision-externa-2026-07,中国铁建股份有限公司,其他股份有限公司(上市),国务院国有资产监督管理委员会,国务院国有资产监督管理委员会->投资51.23%->中国铁建股份有限公司,,,
Aluminum Corporation of China,aluminum-corporation-of-china,Aluminum Corporation of China,FALSE,,Central SOE,SASAC central SOE (Chinalco / Chalco parent),confirmed,revision-externa-2026-07,中国铝业集团有限公司,有限责任公司(国有独资),国务院国有资产监督管理委员会,国务院国有资产监督管理委员会->投资100%->中国铝业集团有限公司,,,
State Power Investment Corporation,state-power-investment-corporation,State Power Investment,FALSE,,Central SOE,SASAC central SOE (SPIC),confirmed,revision-externa-2026-07,国家电力投资集团有限公司,有限责任公司(国有独资),国务院国有资产监督管理委员会,国务院国有资产监督管理委员会->投资100%->国家电力投资集团有限公司,,,
China Harbour Engineering Company and Xi'an Rail Transportation Group,china-harbour-engineering-company-and-xi,China Harbour Engineering Company and Xi'an Rail Transportation,TRUE,china-communications-construction-company|xian-rail-transportation-group,,CONSORTIUM. CHEC is a CCCC subsidiary (central SASAC). Xi'an Rail Transportation Group is a municipal SOE of Xi'an.,derived,,,,,,,,
Chengdu Tianqi,chengdu-tianqi,Tianqi Lithium,FALSE,,POE,"Private: subsidiary of Chengdu Tianqi Industry Group, controlled by Jiang Weiping. Source: Wikipedia Tianqi Lithium",confirmed,revision-externa-2026-07,天齐锂业股份有限公司,其他股份有限公司(上市),蒋卫平,蒋卫平->投资22.833%->天齐锂业股份有限公司,,,
Sinohydro,powerchina,Power Construction Corporation of China,FALSE,,Central SOE,"Filial de PowerChina (SASAC central SOE). Recomendacion cliente: fusionar a powerchina? Dejo separado -> FUSIONADO a id powerchina (decision 2 aprobada, 2026-07-01).",confirmed,revision-externa-2026-07,中国电力建设集团有限公司,有限责任公司(国有独资),国务院国有资产监督管理委员会,国务院国有资产监督管理委员会->投资100%->中国电力建设集团有限公司,,,
China Southern Power Grid,china-southern-power-grid,China Southern Power Grid,FALSE,,Central SOE,SASAC central SOE,confirmed,revision-externa-2026-07,中国南方电网有限责任公司,有限责任公司(国有控股),国务院国有资产监督管理委员会,国务院国有资产监督管理委员会->投资51%->中国南方电网有限责任公司,,,
Sinochem,sinochem-holdings,Sinochem Holdings,FALSE,,Central SOE,"SASAC central SOE. Since 2021 under Sinochem Holdings (merger with ChemChina), 100% SASAC. Source: Caixin/SASAC 2021.",confirmed,revision-externa-2026-07,中国中化控股有限责任公司,有限责任公司(国有独资),中华人民共和国国务院,中华人民共和国国务院->投资100%->中国中化控股有限责任公司,,,
COFCO,cofco,COFCO,FALSE,,Central SOE,SASAC central SOE (China Oil & Foodstuffs Corp). Source: Wikipedia/SASAC,confirmed,revision-externa-2026-07,中粮集团有限公司,有限责任公司(国有独资),中华人民共和国国务院,中华人民共和国国务院->投资100%->中粮集团有限公司,,,Controlled by State Council
Ganfeng Lithium,ganfeng-lithium,Ganfeng Lithium,FALSE,,POE,"Private: founded by Li Liangbin in 2000, listed on SZSE and HKEX. Source: Wikipedia Ganfeng",confirmed,revision-externa-2026-07,江西赣锋锂业集团股份有限公司,其他股份有限公司(上市),李华彪 | 李良学 | 李良彬 | 熊剑浪 | 罗顺香 | 黄闻,李华彪->投资->江西赣锋锂业集团股份有限公司|李良学->投资->江西赣锋锂业集团股份有限公司|李良彬->投资->江西赣锋锂业集团股份有限公司|熊剑浪->投资->江西赣锋锂业集团股份有限公司|罗顺香->投资->江西赣锋锂业集团股份有限公司|黄闻->投资0.78%->江西赣锋锂业集团股份有限公司,,,
North Lima Power Grid Holding,north-lima-power-grid-holding,North Lima Power Grid,FALSE,,Central SOE,,confirmed,revision-externa-2026-07,中国南方电网有限责任公司,有限责任公司(国有控股),国务院国有资产监督管理委员会,国务院国有资产监督管理委员会->投资51%->中国南方电网有限责任公司,,,
China Railway First Group,china-railway-group,China Railway Group,FALSE,,Central SOE,"Bureau 1 is a subsidiary of China Railway Group (CREC), a central SASAC SOE. Source: Wikipedia CREC",confirmed,revision-externa-2026-07,中国中铁股份有限公司,其他股份有限公司(上市),国务院国有资产监督管理委员会,国务院国有资产监督管理委员会->投资47.0804%->中国中铁股份有限公司,,,
CRRC,crrc,CRRC,FALSE,,Central SOE,SASAC central SOE (CRRC Corporation; fusion CNR+CSR 2015),confirmed,revision-externa-2026-07,中国中车集团有限公司,有限责任公司(国有独资),国务院国有资产监督管理委员会,国务院国有资产监督管理委员会->投资100%->中国中车集团有限公司,,,
"Zijin, Tongling, and Xiamen C&D",zijin-tongling-and-xiamen-c-d,"Zijin, Tongling, and Xiamen C&D",TRUE,zijin|tongling-nonferrous|xiamen-cd,,"CONSORTIUM. Zijin (SOE), Tongling Nonferrous (Anhui SOE), Xiamen C&D (Xiamen SOE).",derived,,,,,,,,
China Railway 16th Bureau Group,china-railway-construction-corporation,China Railway Construction,FALSE,,Central SOE,SASAC central SOE (CRCC). Controls the numbered bureaus 11 to 25. Source: Wikipedia CRCC,confirmed,revision-externa-2026-07,中国铁建股份有限公司,其他股份有限公司(上市),国务院国有资产监督管理委员会,国务院国有资产监督管理委员会->投资51.23%->中国铁建股份有限公司,,,
China Construction America,china-state-construction-engineering-corporation,China State Construction Engineering,FALSE,,Local SOE,"US subsidiary of China State Construction Engineering Corp (CSCEC), a central SASAC SOE.",confirmed,revision-externa-2026-07,中国建筑集团有限公司,有限责任公司(国有独资),,,,,
Sinomach (China Machinery Engineering Corporation),sinomach,Sinomach,FALSE,,Central SOE,SASAC central SOE. Note: the raw name mixes the Sinomach parent with its subsidiary CMEC; classified here as the parent. Source: SASAC/Wikipedia Sinomach,confirmed,revision-externa-2026-07,中国机械工业集团有限公司,有限责任公司(国有独资),中华人民共和国国务院,中华人民共和国国务院->投资100%->中国机械工业集团有限公司,,,
Xinjiang TBEA Group,xinjiang-tbea-group,TBEA,FALSE,,POE,"Private electrical-equipment maker from Xinjiang. Kept as POE, but the external review flags that government-backed funds have held a majority share since 2015.",confirmed,revision-externa-2026-07,特变电工股份有限公司,其他股份有限公司(上市),张新,张新->投资8.5611%->特变电工股份有限公司,,,"Nominally it's still POE, however Government-backed funds holds majority share since 2015 https://xueqiu.com/3039725947/295605881"
China General Nuclear Power Group,china-general-nuclear-power-group,China General Nuclear Power,FALSE,,Central SOE,SASAC central SOE (CGN),confirmed,revision-externa-2026-07,中国广核集团有限公司,有限责任公司,国务院国有资产监督管理委员会,国务院国有资产监督管理委员会->投资90%->中国广核集团有限公司,,,
China Harbour Engineering Company,china-communications-construction-company,China Communications Construction,FALSE,,Central SOE,"Subsidiary of CCCC (China Communications Construction Co), a central SASAC SOE.",confirmed,revision-externa-2026-07,中国交通建设集团有限公司,有限责任公司(国有独资),国务院国有资产监督管理委员会,国务院国有资产监督管理委员会->投资100%->中国交通建设集团有限公司,,,
China National Machinery Industry Corporation,sinomach,Sinomach,FALSE,,Central SOE,SASAC central SOE. Note: the raw name mixes the Sinomach parent with its subsidiary CMEC; classified here as the parent. Source: SASAC/Wikipedia Sinomach,confirmed,revision-externa-2026-07,中国机械工业集团有限公司,有限责任公司(国有独资),中华人民共和国国务院,中华人民共和国国务院->投资100%->中国机械工业集团有限公司,,,
"Taiyuan Iron, CITIC, and Baosteel",taiyuan-iron-citic-and-baosteel,"Taiyuan Iron, CITIC, and Baosteel",TRUE,taiyuan-iron|citic|baosteel,,"CONSORTIUM. TISCO, CITIC and Baosteel/Baowu, all three central SOEs. TISCO was recorded as a Shanxi provincial SOE until the external review confirmed on 2026-08-05 that Baowu controls it, so this consortium no longer resolves as local.",derived,,,,,,,,
China Molybdenum,china-molybdenum,CMOC,FALSE,,POE,"Private: controlled by Cathay Fortune Corp (Yu Yong), around 25%. The external review notes it became a POE after the reforms. Source: Wikipedia/Grokipedia CMOC, Xinhua",confirmed,revision-externa-2026-07,洛阳栾川钼业集团股份有限公司,股份有限公司(港澳台投资、上市),于泳,于泳->投资->洛阳栾川钼业集团股份有限公司,,,Transformed into POE after reforms https://www.xinhuanet.com/politics/2020-10/22/c_1126641782.htm
China Communications Construction Company and China Railway Construction Corporation,cccc-crcc-consortium,China Communications Construction Company and China Railway Construction,TRUE,china-communications-construction-company|china-railway-construction-corporation,,"CONSORTIUM. CCCC and CRCC, both central SASAC.",derived,,,,,,,,
COFCO and Hopu Investments,cofco-and-hopu-investments,COFCO and Hopu Investments,TRUE,cofco|hopu-investments,,"CONSORTIUM. COFCO (SASAC) and Hopu Investments (private PE fund, Fang Fenglei).",derived,,,,,,,,
China Communications Construction Company and China Harbour Engineering Company,cccc-chec-consortium,China Communications Construction Company and China Harbour Engineering,TRUE,china-communications-construction-company|china-communications-construction-company,,"CONSORTIUM, and a real one. The parent conglomerate leading a project alongside its own subsidiaries is a documented going-out strategy of Chinese SOEs, known as a ""fleet"" (舰队), confirmed by the external review on 2026-08-05. It is not one investor counted twice, so the members stay separate. Source: https://www.yicai.com/news/5287516.html",derived,,,,,,,,"it is a real consoritium, and this approach of parent conglomerate (CCCC) leading the project along with its subsidiaries is a widly-adopted approach known as a ""fleet,"" https://www.yicai.com/news/5287516.html"
Shandong Kerui,shandong-kerui,Shandong Kerui Petroleum Equipment,FALSE,,POE,Private oilfield-equipment maker (Shandong Kerui Group).,confirmed,revision-externa-2026-07,山东科瑞石油装备有限公司,其他有限责任公司,杨宪,杨宪->投资32%->山东科瑞钻采设备有限公司->投资99.9448%->山东科瑞石油装备有限公司,,,
China National Petroleum Corporation and China National Offshore Oil Corporation,china-national-petroleum-corporation-and,China National Petroleum Corporation and China National Offshore Oil,TRUE,china-national-petroleum-corporation|china-national-offshore-oil-corporation,,"CONSORTIUM. CNPC and CNOOC, two different central SASAC groups.",derived,,,,,,,,
Dongfang Electric,dongfang-electric,Dongfang Electric,FALSE,,Central SOE,SASAC central SOE (DEC),confirmed,revision-externa-2026-07,中国东方电气集团有限公司,有限责任公司(国有独资),中华人民共和国国务院,中华人民共和国国务院->投资100%->中国东方电气集团有限公司,,,"Instead of using ""SASAC"" to designate Centrally-controlled SOEs, I would recommend using ""Central SOE"" instead for simplification and carification, since level of governance (Central v Local) matter here instead of specific body of control (Local SASAC and Central SASAC are both SASAC, and there're SOEs managed centrally but not under the purview of SASAC, examples include China Railway (国铁集团) — 100% funded by the Ministry of Finance, directly administered by the State Council; not under SASAC China Tobacco (中国烟草) — merged government-enterprise structure with the State Tobacco Monopoly Administration; operates through the national bureau administered by MIIT The four major banks, policy banks, large insurers — held by Huijin or the Ministry of Finance; usually classified separately as central financial enterprises rather than central SOEs CAS-affiliated enterprises — held by the Chinese Academy of Sciences; administered by a ministry-level body.) Proposed SOE categories: StateCouncil SASAC → Central SOE; MOF, Huijin, or a ministry → Central SOE (outside the SASAC list but still categorize as Central SOE); local SASAC or local government → Local SOE."
China Railway Construction Corporation and Tongling Nonferrous Metal Group,china-railway-construction-corporation-a,China Railway Construction Corporation and Tongling Nonferrous Metal,TRUE,china-railway-construction-corporation|tongling-nonferrous,,CONSORTIUM. CRCC (SASAC) and Tongling Nonferrous (Anhui SOE).,derived,,,,,,,,
COSCO,cosco,COSCO Shipping,FALSE,,Central SOE,SASAC central SOE (China COSCO Shipping Corp),confirmed,revision-externa-2026-07,中国远洋海运集团有限公司,有限责任公司(国有独资),中华人民共和国国务院,中华人民共和国国务院->投资100%->中国远洋海运集团有限公司,,,
Beijing Limawei,beijing-limawei,Beijing Limawei,FALSE,,POE,,confirmed,revision-externa-2026-07,江苏汉唐国际贸易集团有限公司,有限责任公司(自然人投资或控股),叶贵宏,叶贵宏->投资68%->江苏汉唐国际贸易集团有限公司,TRUE,,"seems to be a JV vehicle between Jiangsu Hantang International Trading Group Co. Ltd. (70%), and Fuda Mining S.A.."
CITIC,citic,CITIC,FALSE,,Central SOE,"CITIC Group Corp, a central SOE, holds 58% of CITIC Ltd. It is a financial conglomerate, so it sits outside the non-financial SASAC list, but central all the same. Source: Wikipedia CITIC",confirmed,revision-externa-2026-07,中国中信集团有限公司,有限责任公司(国有独资),中华人民共和国国务院,中华人民共和国国务院->投资100%->中国中信集团有限公司,,,
China Civil Engineering Construction Corporation,china-railway-construction-corporation,China Railway Construction,FALSE,,Central SOE,SASAC central SOE (CRCC). Controls the numbered bureaus 11 to 25. Source: Wikipedia CRCC,confirmed,revision-externa-2026-07,中国铁建股份有限公司,其他股份有限公司(上市),国务院国有资产监督管理委员会,国务院国有资产监督管理委员会->投资51.23%->中国铁建股份有限公司,,,
CITIC Agri Fund,citic,CITIC,FALSE,,Central SOE,"CITIC Group Corp, a central SOE, holds 58% of CITIC Ltd. It is a financial conglomerate, so it sits outside the non-financial SASAC list, but central all the same. Source: Wikipedia CITIC",confirmed,revision-externa-2026-07,中国中信集团有限公司,有限责任公司(国有独资),中华人民共和国国务院,中华人民共和国国务院->投资100%->中国中信集团有限公司,,,
China Communications Construction Company,china-communications-construction-company,China Communications Construction,FALSE,,Central SOE,"Subsidiary of CCCC (China Communications Construction Co), a central SASAC SOE.",confirmed,revision-externa-2026-07,中国交通建设集团有限公司,有限责任公司(国有独资),国务院国有资产监督管理委员会,国务院国有资产监督管理委员会->投资100%->中国交通建设集团有限公司,,,
Chery,chery,Chery Automobile,FALSE,,MIXED,"Wuhu SASAC holds only 19.93% of Chery, which is why the external review classifies it as mixed ownership rather than a municipal SOE.",confirmed,revision-externa-2026-07,奇瑞汽车股份有限公司,股份有限公司（港澳台投资、上市）,芜湖市人民政府国有资产监督管理委员会,芜湖市人民政府国有资产监督管理委员会->投资100%->芜湖市投资控股集团有限公司->投资19.93%->奇瑞汽车股份有限公司,,,"Wuhu SASAC only holds 19.93% share over Chery, henthforth categorized as Mixed Ownership"
Meituan,meituan,Meituan,FALSE,,POE,Private: plataforma tech listed HKEX (Wang Xing). Source: Wikipedia Meituan,confirmed,revision-externa-2026-07,北京三快科技有限公司,有限责任公司(自然人投资或控股),王兴,王兴->投资50.9672%->北京三快科技有限公司,,,
CEIEC,ceiec,China National Electronics Import & Export,FALSE,,Central SOE,"CEIEC = subsidiary of China Electronics Technology Group (CETC), SASAC central SOE",confirmed,revision-externa-2026-07,中国电子进出口有限公司,有限责任公司(法人独资),国务院国有资产监督管理委员会,国务院国有资产监督管理委员会->投资100%->中国电信集团有限公司->投资100%->中国电信集团投资有限公司->投资1.411%->中国电子有限公司->投资100%->中国电子进出口有限公司|国务院国有资产监督管理委员会->投资100%->中国移动通信集团有限公司->投资5.6438%->中国电子有限公司->投资100%->中国电子进出口有限公司|国务院国有资产监督管理委员会->投资100%->中国航天科技集团有限公司->投资2.8219%->中国电子有限公司->投资100%->中国电子进出口有限公司|国务院国有资产监督管理委员会->投资100%->中国船舶集团有限公司->投资100%->中国船舶集团投资有限公司->投资100%->中船资本控股（天津）有限公司->投资2.1164%->中国电子有限公司->投资100%->中国电子进出口有限公司|国务院国有资产监督管理委员会->投资100%->中国诚通控股集团有限公司->投资100%->北京诚通金控投资有限公司->投资100%->绍兴诚骋股权投资有限公司->投资2.1164%->中国电子有限公司->投资100%->中国电子进出口有限公司|国务院国有资产监督管理委员会->投资100%->中国联合网络通信集团有限公司->投资100%->联通资本投资控股有限公司->投资1.411%->中国电子有限公司->投资100%->中国电子进出口有限公司|国务院国有资产监督管理委员会->投资100%->中国电子信息产业集团有限公司->投资81.6575%->中国电子有限公司->投资100%->中国电子进出口有限公司,,,Controlled by State Council SASAC
Lanzhou Haimo Technologies,lanzhou-haimo-technologies,Lanzhou Haimo Technologies,FALSE,,POE,,confirmed,revision-externa-2026-07,海默科技（集团）股份有限公司,股份有限公司,范中华,范中华->投资5.02%->海默科技（集团）股份有限公司,,,
Shandong Gold,shandong-gold,Shandong Gold,FALSE,,Local SOE,"Provincial SOE, controlled by the Shandong provincial government. Source: Wikipedia Shandong Gold",confirmed,revision-externa-2026-07,山东黄金集团有限公司,有限责任公司(国有控股),山东省人民政府国有资产监督管理委员会,山东省人民政府国有资产监督管理委员会->投资97.88%->山东发展投资控股集团有限公司->投资20%->山东黄金集团有限公司|山东省人民政府国有资产监督管理委员会->投资70%->山东黄金集团有限公司,,,
Joyvio,joyvio,Joyvio,FALSE,,MIXED,Subsidiary of Legend Holdings. Mixed because the Chinese Academy of Sciences holds part of the equity in Legend.,confirmed,revision-externa-2026-07,佳沃集团有限公司,其他,中国科学院,中国科学院->投资100%->中国科学院控股有限公司->投资29.05%->联想控股股份有限公司->投资91.1418%->佳沃集团有限公司,,,CAS have some control over its equity in Lenovo
China Merchants Group,china-merchants-group,China Merchants,FALSE,,Central SOE,SASAC central SOE,confirmed,revision-externa-2026-07,招商局集团有限公司,有限责任公司(国有独资),中华人民共和国国务院,中华人民共和国国务院->投资100%->招商局集团有限公司,,,
Citic Guoan,citic-guoan,CITIC Guoan,FALSE,,MIXED,"Recapitalised in 2014: CITIC Group holds only 20.95% and the rest is private capital. Neither clearly state-owned nor a controlled subsidiary, so it is kept separate from CITIC. Source: Wikipedia CITIC Guoan",confirmed,revision-externa-2026-07,中信国安集团有限公司,其他有限责任公司,中华人民共和国国务院,中华人民共和国国务院->投资100%->中国中信集团有限公司->投资20.9445%->中信国安集团有限公司,,,
Great Wall,great-wall-motors,Great Wall Motor,FALSE,,POE,Private carmaker (Wei Jianjun). HOMONYM: do NOT merge with China Great Wall Industry (aeroespacial/CASC). Source: Wikipedia Great Wall Motor,confirmed,revision-externa-2026-07,长城汽车股份有限公司,股份有限公司(港澳台投资、上市),魏建军,魏建军->投资37.2667%->长城汽车股份有限公司,,,
BYD,byd,BYD,FALSE,,POE,"Private: listed, with founder Wang Chuanfu as the controller. Source: Wikipedia BYD",confirmed,revision-externa-2026-07,比亚迪股份有限公司,股份有限公司（台港澳与境内合资，上市）,王传福,王传福->投资16.9%->比亚迪股份有限公司,,,
CSR Corporation,crrc,CRRC,FALSE,,Central SOE,CSR Corp = predecesora fusionada en CRRC (2015). Fusionado a id crrc. Fuente: Wikipedia CRRC/CSR,confirmed,revision-externa-2026-07,中国中车集团有限公司,有限责任公司(国有独资),国务院国有资产监督管理委员会,国务院国有资产监督管理委员会->投资100%->中国中车集团有限公司,,,
Pacific Hydro,state-power-investment-corporation,State Power Investment,FALSE,,Central SOE,"Adquirida por State Power Investment Corp (SPIC) en 2016, SASAC central. Recomendacion: clasificar por matriz SPIC -> FUSIONADO a id state-power-investment-corporation (decision 2 aprobada, 2026-07-01).",confirmed,revision-externa-2026-07,国家电力投资集团有限公司,有限责任公司(国有独资),国务院国有资产监督管理委员会,国务院国有资产监督管理委员会->投资100%->国家电力投资集团有限公司,,,
Industrial and Commercial Bank of China,industrial-and-commercial-bank-of-china,Industrial and Commercial Bank of China,FALSE,,Central SOE,"FALSO 'and' (legitimate name). Big Four state bank (controlled via Central Huijin/MOF, no SASAC). Source: Wikipedia ICBC.",confirmed,revision-externa-2026-07,中国工商银行股份有限公司,股份有限公司(上市、国有控股),,,,,
China Construction Bank,china-construction-bank,China Construction Bank,FALSE,,Central SOE,Big Four state bank (Central Huijin). Source: Wikipedia CCB,confirmed,revision-externa-2026-07,中国建设银行股份有限公司,其他股份有限公司(上市),,,,,"Four National Banks, should be Central SOE"
Xinjiang Goldwind,goldwind,Goldwind,FALSE,,MIXED,"Mixed and ambiguous: listed, largest shareholder China Three Gorges at around 21%, no holder above 50%. The external review reads Three Gorges and the state as holding controlling shares. Source: Wikipedia Goldwind",confirmed,revision-externa-2026-07,金风科技股份有限公司,其他股份有限公司(上市),,,,,Three gorges and government holds controlling shares
Tencent,tencent,Tencent,FALSE,,POE,Private: listed HKEX; largest shareholder Naspers/Prosus. Source: Wikipedia Tencent,confirmed,revision-externa-2026-07,深圳市腾讯计算机系统有限公司,有限责任公司,马化腾,马化腾->投资54.2857%->深圳市腾讯计算机系统有限公司,,,
Harbin Electric International,harbin-electric,Harbin Electric,FALSE,,Central SOE,"HEI is a wholly owned subsidiary of Harbin Electric Group, a central SASAC company. Source: SASAC/BHRRC",confirmed,revision-externa-2026-07,哈尔滨电气集团有限公司,有限责任公司(国有独资),国务院国有资产监督管理委员会,国务院国有资产监督管理委员会->投资100%->哈尔滨电气集团有限公司,,,
Didi Chuxing,didi-chuxing,DiDi Global,FALSE,,POE,Private: listed (founder Cheng Wei); though with minority state stakes. Source: Wikipedia DiDi,confirmed,revision-externa-2026-07,滴滴出行科技有限公司,有限责任公司(法人独资),程维,程维->投资49.19%->北京小桔科技集团有限公司->投资100%->滴滴出行（北京）网络平台技术有限公司->投资100%->滴滴出行科技有限公司,,,
China National Electric Engineering Company and China Machinery Engineering Corporation,china-national-electric-engineering-comp,China National Electric Engineering Company and China Machinery Engineering,TRUE,cneec|sinomach,,"CONSORTIUM, and a real one. The parent conglomerate leading a project alongside its own subsidiaries is a documented going-out strategy of Chinese SOEs, known as a ""fleet"" (舰队), confirmed by the external review on 2026-08-05. It is not one investor counted twice, so the members stay separate. Source: https://www.yicai.com/news/5287516.html",derived,,,,,,,,"it is a real consoritium, and this approach of parent conglomerate leading the project along with its subsidiaries is a widly-adopted approach known as a ""fleet,"" https://www.yicai.com/news/5287516.html"
Wison Energy,wison-energy,Wison Engineering,FALSE,,POE,Private: Wison Group (Hua Bangsong). Source: Wikipedia Wison,confirmed,revision-externa-2026-07,惠生工程技术服务有限公司,,,,,,
China Railway Tenth Group,china-railway-group,China Railway Group,FALSE,,Central SOE,"Bureau 1 is a subsidiary of China Railway Group (CREC), a central SASAC SOE. Source: Wikipedia CREC",confirmed,revision-externa-2026-07,中国中铁股份有限公司,其他股份有限公司(上市),国务院国有资产监督管理委员会,国务院国有资产监督管理委员会->投资47.0804%->中国中铁股份有限公司,,,
Sinosteel,sinosteel,Sinosteel,FALSE,,Central SOE,SASAC central SOE (China Sinosteel Corp),confirmed,revision-externa-2026-07,中国中钢集团有限公司,有限责任公司(法人独资),国务院国有资产监督管理委员会,国务院国有资产监督管理委员会->投资100%->中国宝武钢铁集团有限公司->投资100%->中国中钢集团有限公司,,,
Shanghai Pengxin,shanghai-pengxin,Shanghai Pengxin,FALSE,,POE,Private: real-estate and agribusiness conglomerate (Jiang Zhaobai). Source: Bloomberg/Wikipedia,confirmed,revision-externa-2026-07,上海鹏欣（集团）有限公司,有限责任公司(自然人投资或控股的法人独资),姜照柏,姜照柏->投资99%->南通盈新投资有限公司->投资100%->上海鹏欣（集团）有限公司,,,
Sany Heavy,sany-heavy,Sany Heavy Industry,FALSE,,POE,Private: Sany Group (Liang Wengen). Source: Wikipedia Sany,confirmed,revision-externa-2026-07,三一重工股份有限公司,其他股份有限公司(上市),梁稳根,梁稳根->投资17.8614%->三一重工股份有限公司,,,
Fosun International,fosun-international,Fosun International,FALSE,,POE,"Private: the largest private conglomerate in China, founded by Guo Guangchang. Source: Wikipedia Fosun",confirmed,revision-externa-2026-07,上海复星医药（集团）股份有限公司,其他股份有限公司(上市),郭广昌,郭广昌->投资0.003%->上海复星医药（集团）股份有限公司,,,
HNA,hna,HNA,FALSE,,POE,"Historically opaque ownership structure (foundations and employee holdings). After the 2021 collapse it was restructured under Liaoning Fangda, a private group, which is the basis for the POE recorded here. Our earlier reading had left it UNKNOWN.",confirmed,revision-externa-2026-07,海航集团有限公司,其他有限责任公司,奚国华,奚国华->投资0.0004%->中国中信有限公司->投资100%->中国中信金融控股有限公司->投资100%->中信信托有限责任公司->投资100%->海南海航二号信管服务有限公司->投资100%->海航集团有限公司,,,
Beijing Construction Engineering Group,beijing-construction-engineering-group,Beijing Construction Engineering,FALSE,,Local SOE,"Municipal SOE, controlled by the Beijing municipal government (BCEG).",confirmed,revision-externa-2026-07,北京建工集团有限责任公司,有限责任公司(国有独资),北京市人民政府国有资产监督管理委员会,北京市人民政府国有资产监督管理委员会->投资100%->北京建工集团有限责任公司,,,
"Baiyin Nonferrous Group Co., Ltd",baiyin-nonferrous-group-co-ltd,Baiyin Nonferrous,FALSE,,Local SOE,SOE provincial Gansu (Baiyin Nonferrous Metals),confirmed,revision-externa-2026-07,白银有色集团股份有限公司,股份有限公司(上市、国有控股),,,,,
China Three Gorges (via EDP Renewables),china-three-gorges,China Three Gorges,FALSE,,Central SOE,Alias: inversion via vehiculo EDP. Control ultimo CTG (SASAC central). Fusionado a id china-three-gorges,confirmed,revision-externa-2026-07,中国长江三峡集团有限公司,有限责任公司(国有独资),国务院国有资产监督管理委员会,国务院国有资产监督管理委员会->投资100%->中国长江三峡集团有限公司,,,
China Railway Tunnel Group,china-railway-group,China Railway Group,FALSE,,Central SOE,"Bureau 1 is a subsidiary of China Railway Group (CREC), a central SASAC SOE. Source: Wikipedia CREC",confirmed,revision-externa-2026-07,中国中铁股份有限公司,其他股份有限公司(上市),国务院国有资产监督管理委员会,国务院国有资产监督管理委员会->投资47.0804%->中国中铁股份有限公司,,,
Terminal Portuario Jinzhao,terminal-portuario-jinzhao,Terminal Portuario Jinzhao,FALSE,,Central SOE,,confirmed,revision-externa-2026-07,大冶有色金属集团（上海）国际贸易有限公司,有限责任公司(非自然人投资或控股的法人独资),中华人民共和国国务院,中华人民共和国国务院->投资100%->中国有色矿业集团有限公司->投资57.9942%->大冶有色金属集团控股有限公司->投资100%->大冶有色金属集团（上海）国际贸易有限公司,,,
CSR Sifang,crrc,CRRC,FALSE,,Central SOE,CSR Sifang = predecesora integrada en CRRC (Qingdao Sifang). Fusionado a id crrc. Fuente: Wikipedia CRRC Qingdao Sifang,confirmed,revision-externa-2026-07,中国中车集团有限公司,有限责任公司(国有独资),国务院国有资产监督管理委员会,国务院国有资产监督管理委员会->投资100%->中国中车集团有限公司,,,
Honbridge Holdings,honbridge-holdings,Honbridge,FALSE,,POE,Private: Hong Kong listed investment holding company in resources.,confirmed,revision-externa-2026-07,洪桥集团有限公司,,,,,,
China Road and Bridge Corporation,china-communications-construction-company,China Communications Construction,FALSE,,Central SOE,"Subsidiary of CCCC (China Communications Construction Co), a central SASAC SOE.",confirmed,revision-externa-2026-07,中国交通建设集团有限公司,有限责任公司(国有独资),国务院国有资产监督管理委员会,国务院国有资产监督管理委员会->投资100%->中国交通建设集团有限公司,,,
CAMC and Sinopharm,camc-and-sinopharm,CAMC and Sinopharm,TRUE,camce|sinopharm,,"CONSORTIUM. CAMCE (Sinomach subsidiary, SASAC) and Sinopharm (central SASAC).",derived,,,,,,,,
China International Water and Electric Corporation,china-three-gorges,China Three Gorges,FALSE,,Central SOE,"FALSO 'and'. CWE = filial de China Three Gorges (SASAC central). Recomendacion: agrupar bajo CTG -> FUSIONADO a id china-three-gorges (decision 2 aprobada, 2026-07-01).",confirmed,revision-externa-2026-07,中国长江三峡集团有限公司,有限责任公司(国有独资),国务院国有资产监督管理委员会,国务院国有资产监督管理委员会->投资100%->中国长江三峡集团有限公司,,,
China Railway Engineering Corporation,china-railway-engineering-corporation,China Railway Engineering,FALSE,,Central SOE,"CRECG = state parent de China Railway Group (CREC), SASAC central. Possibly the same node as china-railway-group (parent vs listed). Source: Wikipedia CREC",confirmed,revision-externa-2026-07,中国铁路工程集团有限公司,有限责任公司(国有独资),国务院国有资产监督管理委员会,国务院国有资产监督管理委员会->投资100%->中国铁路工程集团有限公司,,,
China Nonferrous Metal Mining Group,china-nonferrous-metal-mining-group,China Nonferrous Metal Mining,FALSE,,Central SOE,SASAC central SOE (CNMC),confirmed,revision-externa-2026-07,中国有色矿业集团有限公司,有限责任公司(国有独资),中华人民共和国国务院,中华人民共和国国务院->投资100%->中国有色矿业集团有限公司,,,
CED Prometheus,ced-prometheus,CED Prometheus,FALSE,,POE,"Investment vehicle; ultimate control was never confirmed. OPEN: its POE label comes from a legacy ICLAC dataset that we no longer treat as a source, and no external review has ever verified it, so treat it as unverified. External review flagged this company for REMOVAL from the repository (red in the July sheet). Its investment is in the limited-evidence annex (reliability score 1).",flagged-for-removal,revision-externa-2026-07,,,,,,,"No information on this company, further research into its activities revealed that its solar projects in brazil never materialzed (no updates since 2020), suggesting project removal; Apparent shell/intermediary (皮包公司) claiming to represent Poly Technologies/Chinese aerospace/TBEA; 2018 MOUs in MT and PR promoted by Brazilian developer FAAD; no evidence any project was built; no official Chinese name exists."
BBCA Group,bbca-group,BBCA,FALSE,,POE,"Anhui BBCA Biochemical, listed. We had read its control as possibly provincial and mixed; the external review confirmed POE.",confirmed,revision-externa-2026-07,安徽丰原集团有限公司,其他有限责任公司,毕方庆,毕方庆->投资->蚌埠银河生物科技股份有限公司->投资70.238%->安徽丰原集团有限公司,,,
Huawei,huawei,Huawei,FALSE,,POE,"Private: employee-owned through the trade union holding, Huawei Investment & Holding (Ren Zhengfei, founder). Source: Wikipedia Huawei",confirmed,revision-externa-2026-07,华为技术有限公司,有限责任公司（法人独资）,任正非,任正非->投资0.5247%->华为投资控股有限公司->投资100%->华为技术有限公司,,,
China Investment Corporation,china-investment-corporation,China Investment Corporation,FALSE,,Central SOE,"State sovereign wealth fund, under the Ministry of Finance and the State Council rather than SASAC. Source: Wikipedia CIC",confirmed,revision-externa-2026-07,中国投资有限责任公司,有限责任公司(国有独资),中华人民共和国国务院,中华人民共和国国务院->投资100%->中国投资有限责任公司,,,
Xuzhou Construction Machinery,xuzhou-construction-machinery,XCMG,FALSE,,Local SOE,"XCMG, a municipal SOE of Xuzhou (Jiangsu), with a partial mixed-ownership reform. Source: Wikipedia XCMG",confirmed,revision-externa-2026-07,徐工集团工程机械有限公司,有限责任公司,徐州市人民政府国有资产监督管理委员会,徐州市人民政府国有资产监督管理委员会->投资90.533%->徐州工程机械集团有限公司->投资34.0988%->徐工集团工程机械有限公司,,,
Sinovac,sinovac,Sinovac Biotech,FALSE,,POE,Private: biofarmaceutica listed (Yin Weidong). Source: Wikipedia Sinovac,confirmed,revision-externa-2026-07,北京科兴生物制品有限公司,其他有限责任公司,科兴控股（香港）有限公司,科兴控股（香港）有限公司->投资100%->北京科兴控股（集团）有限公司->投资73.0897%->北京科兴生物制品有限公司,,,
ZTE,zte,ZTE,FALSE,,MIXED,Largest shareholder Zhongxingxin controlled by SOEs (Xi'an Microelectronics/Aerospace). De facto state control. Source: Wikipedia ZTE,confirmed,revision-externa-2026-07,中兴通讯股份有限公司,股份有限公司(上市),,,,,
JA Solar,ja-solar,JA Solar,FALSE,,POE,Private: fabricante solar (Jin Baofang). Source: Wikipedia JA Solar,confirmed,revision-externa-2026-07,晶澳太阳能科技股份有限公司,股份有限公司(上市、自然人投资或控股),靳保芳,靳保芳->投资24.1995%->晶澳太阳能科技股份有限公司,,,
China National Building Material,china-national-building-material,China National Building Material,FALSE,,Central SOE,SASAC central SOE (CNBM; ahora bajo Sinoma/CNBM group). Source: Wikipedia CNBM,confirmed,revision-externa-2026-07,中国建材集团有限公司,有限责任公司(国有独资),中华人民共和国国务院,中华人民共和国国务院->投资100%->中国建材集团有限公司,,,
Yutong,yutong,Yutong Bus,FALSE,,POE,"Zhengzhou Yutong, formerly held through the Zhengzhou municipal government via Yutong Group. The external review states it is fully privately owned after the reform.",confirmed,revision-externa-2026-07,宇通客车股份有限公司,股份有限公司(上市、自然人投资或控股),汤玉祥,汤玉祥->投资6.185%->宇通客车股份有限公司,,,"After reform, it's now fully privately owned https://www.163.com/dy/article/IRICR0GI055656RV.html"
HydroChina,powerchina,Power Construction Corporation of China,FALSE,,Central SOE,"HydroChina = predecesora integrada en PowerChina (SASAC central). Recomendacion: agrupar bajo powerchina -> FUSIONADO a id powerchina (decision 2 aprobada, 2026-07-01).",confirmed,revision-externa-2026-07,中国电力建设集团有限公司,有限责任公司(国有独资),国务院国有资产监督管理委员会,国务院国有资产监督管理委员会->投资100%->中国电力建设集团有限公司,,,
Shanghai Shemar Power,shanghai-shemar-power,Shanghai Shemar Power Equipment,FALSE,,POE,Private: manufacturer of composite insulators.,confirmed,revision-externa-2026-07,上海神马电力控股有限公司,有限责任公司(自然人投资或控股),马斌,马斌->投资100%->上海神马格润电力发展有限公司->投资5.3288%->上海神马电力控股有限公司|马斌->投资94.6712%->上海神马电力控股有限公司,,,
CAMCE Engineering and China National Electronics Import & Export Corporation,camce-engineering-and-china-national-ele,CAMCE Engineering and China National Electronics Import & Export,TRUE,camce|ceiec,,"CONSORTIUM. CAMCE (Sinomach subsidiary, SASAC) and CEIEC (CETC subsidiary, SASAC).",derived,,,,,,,,
China United Engineering and Dongfang Turbine,china-united-engineering-and-dongfang-tu,China United Engineering and Dongfang Turbine,TRUE,china-united-engineering|dongfang-electric,,"CONSORTIUM. China United Engineering (Sinomach subsidiary, SASAC) and Dongfang Turbine (Dongfang Electric subsidiary, SASAC).",derived,,,,,,,,
China Metallurgical Group,china-metallurgical-group,China Metallurgical Group,FALSE,,Central SOE,MCC - subsidiary of China Minmetals (SASAC central). Source: Wikipedia MCC/Minmetals,confirmed,revision-externa-2026-07,中国冶金科工集团有限公司,有限责任公司(法人独资),国务院国有资产监督管理委员会,国务院国有资产监督管理委员会->投资100%->中国五矿集团有限公司->投资100%->中国冶金科工集团有限公司,,,
China Railway Group,china-railway-group,China Railway Group,FALSE,,Central SOE,"Bureau 1 is a subsidiary of China Railway Group (CREC), a central SASAC SOE. Source: Wikipedia CREC",confirmed,revision-externa-2026-07,中国中铁股份有限公司,其他股份有限公司(上市),国务院国有资产监督管理委员会,国务院国有资产监督管理委员会->投资47.0804%->中国中铁股份有限公司,,,
ChemChina,sinochem-holdings,Sinochem Holdings,FALSE,,Central SOE,"SASAC central SOE. Since 2021 under Sinochem Holdings (merger with ChemChina), 100% SASAC. Source: Caixin/SASAC 2021.",confirmed,revision-externa-2026-07,中国中化控股有限责任公司,有限责任公司(国有独资),中华人民共和国国务院,中华人民共和国国务院->投资100%->中国中化控股有限责任公司,,,
Nextview,nextview,Nextview,FALSE,,POE,"Thinly documented entity. The external review identified it as a JV vehicle between Xizang Summit (45%) and Shanghai Geshi Xiangjin Investment Partnership, both private.",confirmed,revision-externa-2026-07,西藏珠峰资源股份有限公司,其他股份有限公司(上市),黄建荣 | 黄瑛,黄建荣->投资1.2064%->西藏珠峰资源股份有限公司|黄瑛->投资->西藏珠峰资源股份有限公司,TRUE,,seems to be a JV vehicle between Xizang summit (45% ) and 上海歌石祥金投资合伙企业
Longsys,longsys,Longsys,FALSE,,POE,Private: Shenzhen Longsys Electronics (memoria); listed,confirmed,revision-externa-2026-07,深圳市江波龙电子股份有限公司,股份有限公司(上市、自然人投资或控股),蔡丽江 | 蔡华波,蔡丽江->投资3.51%->深圳市江波龙电子股份有限公司|蔡华波->投资38.7142%->深圳市江波龙电子股份有限公司,,,
CMEC,sinomach,Sinomach,FALSE,,Central SOE,SASAC central SOE. Note: the raw name mixes the Sinomach parent with its subsidiary CMEC; classified here as the parent. Source: SASAC/Wikipedia Sinomach,confirmed,revision-externa-2026-07,中国机械工业集团有限公司,有限责任公司(国有独资),中华人民共和国国务院,中华人民共和国国务院->投资100%->中国机械工业集团有限公司,,,
JCHX Mining Management,jchx-mining-management,JCHX Mining Management,FALSE,,POE,Private: Shanghai-listed mining services company.,confirmed,revision-externa-2026-07,金诚信矿业管理股份有限公司,其他股份有限公司(上市),王亦成 | 王先成 | 王友成 | 王意成 | 王慈成,王亦成->投资4.3591%->金诚信矿业管理股份有限公司|王先成->投资16.6616%->金诚信矿业管理股份有限公司|王友成->投资7.4104%->金诚信矿业管理股份有限公司|王意成->投资4.3591%->金诚信矿业管理股份有限公司|王慈成->投资7.4104%->金诚信矿业管理股份有限公司,,,
China Communications Bank,china-communications-bank,Bank of Communications,FALSE,,Local SOE,"State bank (Bank of Communications / BoCom); the Ministry of Finance is its largest shareholder. Source: Wikipedia BoCom. OPEN: under the external review's own criterion, control by the Ministry of Finance makes a company a central SOE, which does not match the Local SOE recorded here.",confirmed,revision-externa-2026-07,交通银行股份有限公司,股份有限公司(上市、国有控股),,,,,
Bosai Minerals,bosai-minerals,Bosai Minerals,FALSE,,POE,Private: top private enterprise Chongqing. Source: ichongqing/Dun&Bradstreet,confirmed,revision-externa-2026-07,重庆市博赛矿业（集团）有限公司,有限责任公司,袁志伦,袁志伦->投资5%->重庆市博赛矿业（集团）有限公司|袁志伦->投资100%->重庆市九龙万顺实业有限公司->投资95%->重庆市博赛矿业（集团）有限公司,,,
Midea Group,midea-group,Midea,FALSE,,POE,Private: electrodomesticos (He Xiangjian). Source: Wikipedia Midea,confirmed,revision-externa-2026-07,美的集团股份有限公司,股份有限公司(上市、自然人投资或控股),何享健,何享健->投资26.9455%->美的集团股份有限公司,,,
Ant Financial,ant-financial,Ant Group,FALSE,,POE,"Private: Alibaba affiliate, with Jack Ma holding effective control. Source: Wikipedia Ant Group",confirmed,revision-externa-2026-07,蚂蚁科技集团股份有限公司,其他股份有限公司(非上市),黄辰立,黄辰立->投资20%->杭州星滔企业管理咨询有限公司->投资0.3535%->杭州君瀚股权投资合伙企业（有限合伙）->投资42.2794%->蚂蚁科技集团股份有限公司,,,
Revotech Asia Limited,revotech-asia-limited,Revotech Asia,FALSE,,POE,,confirmed,revision-externa-2026-07,西藏珠峰资源股份有限公司,其他股份有限公司(上市),黄建荣 | 黄瑛,黄建荣->投资1.2064%->西藏珠峰资源股份有限公司|黄瑛->投资->西藏珠峰资源股份有限公司,TRUE,,"seems to be a JV vehicle between Xizang summit (50% held through PLASA) and Chengxin Lithium Group Co., Ltd. (50% held through SESA)"
Silk Road Fund,silk-road-fund,Silk Road Fund,FALSE,,Central SOE,State BRI fund (SAFE 65% / CIC 15% / EXIM 15% / CDB 5%). Source: Wikipedia Silk Road Fund,confirmed,revision-externa-2026-07,丝路基金有限责任公司,其他有限责任公司,国家外汇管理局中央外汇业务中心,国家外汇管理局中央外汇业务中心->投资100%->梧桐树投资平台有限责任公司->投资65%->丝路基金有限责任公司|国家外汇管理局中央外汇业务中心->投资100%->梧桐树投资平台有限责任公司->投资89.26%->中国进出口银行->投资15%->丝路基金有限责任公司,,,
China Great Wall Industry Corporation,china-great-wall-industry,China Great Wall Industry,FALSE,,Central SOE,"Aerospace: wholly owned subsidiary of CASC, a central SASAC company. HOMONYM: do NOT merge with Great Wall Motor. Source: Wikipedia CGWIC/CASC",confirmed,revision-externa-2026-07,中国长城工业集团有限公司,有限责任公司(法人独资),国务院国有资产监督管理委员会,国务院国有资产监督管理委员会->投资100%->中国航天科技集团有限公司->投资100%->中国长城工业集团有限公司,,,
Foton Motor,foton-motor,Foton Motor,FALSE,,Local SOE,Beiqi Foton - subsidiary of BAIC Group (Municipal SOE Beijing). Source: Wikipedia Foton,confirmed,revision-externa-2026-07,北汽福田汽车股份有限公司,其他股份有限公司(上市),北京市人民政府国有资产监督管理委员会,北京市人民政府国有资产监督管理委员会->投资44.5901%->北汽福田汽车股份有限公司,,,
China Construction America and MCM,china-construction-america-and-mcm,China Construction America and MCM,TRUE,china-state-construction-engineering-corporation|mcm,,"CONSORTIUM. MCM is the Panamanian subsidiary of Munilla Construction Management, a US company, so ownership does not apply to it and the consortium resolves through China Construction America alone. The external review suggests dropping MCM from the company registry while keeping it as a member here; pending decision, because a member with no row of its own contributes UNKNOWN.",derived,,,,,,,,"MCM seems to be a Panamanian subsidiary of the US-based Munilla Construction Management (MCM) https://www.bnamericas.com/en/company-profile/mcm-global-sa-mcm-global; Suggesting removal from the firm registry, however, it might be helpful to keep it as a member of the consortium. https://www.instagram.com/p/BLRjXMBjf2h/"
Baiyin and Shougang,baiyin-and-shougang,Baiyin and Shougang,TRUE,baiyin-nonferrous-group-co-ltd|shougang,,CONSORTIUM. Baiyin Nonferrous (Gansu SOE) and Shougang (Beijing SOE).,derived,,,,,,,,
CGN Brazil,china-general-nuclear-power-group,China General Nuclear Power,FALSE,,Central SOE,"Filial Brasil de China General Nuclear (CGN), SASAC central. Recomendacion: agrupar bajo china-general-nuclear-power-group -> FUSIONADO a id china-general-nuclear-power-group (decision 2 aprobada, 2026-07-01).",confirmed,revision-externa-2026-07,中国广核集团有限公司,有限责任公司,国务院国有资产监督管理委员会,国务院国有资产监督管理委员会->投资90%->中国广核集团有限公司,,,
Noble Group,noble-group,Noble Group,FALSE,,POE,"Singapore-listed commodities trader, not a Chinese state company; founded by Richard Elman. OPEN: whether it belongs in a registry of Chinese investors at all.",confirmed,revision-externa-2026-07,海南来宝集团有限公司,有限责任公司(自然人投资或控股),刘建娜,刘建娜->投资100%->海南来宝贸易有限公司->投资82%->海南来宝集团有限公司,,,
Bank of China,bank-of-china,Bank of China,FALSE,,Central SOE,Big Four state bank (Central Huijin). Source: Wikipedia BOC,confirmed,revision-externa-2026-07,中国银行股份有限公司,其他股份有限公司(上市),,,,,"Four National Banks, should be Central SOE"
Shougang,shougang,Shougang,FALSE,,Local SOE,Municipal SOE Beijing (Shougang Group / Capital Steel). Source: Wikipedia Shougang,confirmed,revision-externa-2026-07,首钢集团有限公司,有限责任公司(国有独资),北京市人民政府国有资产监督管理委员会,北京市人民政府国有资产监督管理委员会->投资100%->北京国有资本运营管理有限公司->投资100%->首钢集团有限公司,,,
ICBC,industrial-and-commercial-bank-of-china,Industrial and Commercial Bank of China,FALSE,,Central SOE,"FALSO 'and' (legitimate name). Big Four state bank (controlled via Central Huijin/MOF, no SASAC). Source: Wikipedia ICBC.",confirmed,revision-externa-2026-07,中国工商银行股份有限公司,股份有限公司(上市、国有控股),,,,,
Zhongrong Xinda and Jiangtong Group,zhongrong-xinda-and-jiangtong-group,Zhongrong Xinda and Jiangtong,TRUE,zhongrong-xinda|jiangtong-group,,CONSORTIUM. Zhongrong Xinda (private) and Jiangtong / Jiangxi Copper (provincial SOE).,derived,,,,,,,,
Jinko Solar,jinko-solar,JinkoSolar,FALSE,,POE,Private: fabricante solar listed NYSE (Li Xiande). Source: Wikipedia JinkoSolar,confirmed,revision-externa-2026-07,晶科能源股份有限公司,股份有限公司（港澳台投资、上市）,李仙华 | 李仙德 | 陈康平,李仙华->投资->晶科能源股份有限公司|李仙德->投资0.216%->晶科能源股份有限公司|陈康平->投资3.6122%->晶科能源股份有限公司,,,
Guangxi Road and Bridge,guangxi-road-and-bridge,Guangxi Road and Bridge,FALSE,,Local SOE,FALSO 'and'. SOE provincial Guangxi (Guangxi Communications Investment Group),confirmed,revision-externa-2026-07,广西路桥工程集团有限公司,其他有限责任公司,广西壮族自治区人民政府国有资产监督管理委员会,广西壮族自治区人民政府国有资产监督管理委员会->投资67%->广西北部湾投资集团有限公司->投资100%->广西北投资本投资集团有限公司->投资100%->北部湾产业投资基金管理有限公司->投资0.022%->广西北创桂生投资中心（有限合伙）->投资0.0471%->广西路桥工程集团有限公司|广西壮族自治区人民政府国有资产监督管理委员会->投资100%->广西国控资本运营集团有限责任公司->投资33%->广西北部湾投资集团有限公司->投资100%->广西北投资本投资集团有限公司->投资100%->北部湾产业投资基金管理有限公司->投资0.022%->广西北创桂生投资中心（有限合伙）->投资0.0471%->广西路桥工程集团有限公司|广西壮族自治区人民政府国有资产监督管理委员会->投资100%->广西国控资本运营集团有限责任公司->投资33%->广西北部湾投资集团有限公司->投资100%->广西北投资本投资集团有限公司->投资100%->北部湾产业投资基金管理有限公司->投资0.01%->广西北创建设投资合伙企业（有限合伙）->投资5.6577%->广西路桥工程集团有限公司|广西壮族自治区人民政府国有资产监督管理委员会->投资100%->广西国控资本运营集团有限责任公司->投资33%->广西北部湾投资集团有限公司->投资94.2951%->广西路桥工程集团有限公司|广西壮族自治区人民政府国有资产监督管理委员会->投资67%->广西北部湾投资集团有限公司->投资94.2951%->广西路桥工程集团有限公司|广西壮族自治区人民政府国有资产监督管理委员会->投资67%->广西北部湾投资集团有限公司->投资100%->广西北投资本投资集团有限公司->投资100%->北部湾产业投资基金管理有限公司->投资0.01%->广西北创建设投资合伙企业（有限合伙）->投资5.6577%->广西路桥工程集团有限公司,,,Local SASAC
Harbin Electric,harbin-electric,Harbin Electric,FALSE,,Central SOE,"HEI is a wholly owned subsidiary of Harbin Electric Group, a central SASAC company. Source: SASAC/BHRRC",confirmed,revision-externa-2026-07,哈尔滨电气集团有限公司,有限责任公司(国有独资),国务院国有资产监督管理委员会,国务院国有资产监督管理委员会->投资100%->哈尔滨电气集团有限公司,,,
China Dalian International,china-dalian-international,China Dalian International Economic & Technical Cooperation,FALSE,,Local SOE,SOE municipal Dalian (CDIG),confirmed,revision-externa-2026-07,中国大连国际经济技术合作集团有限公司,其他有限责任公司,赵法臻,赵法臻->投资95.7803%->大连翰博投资有限公司->投资53%->中国大连国际经济技术合作集团有限公司,,,
Shaanxi Automobile Group,shaanxi-automobile-group,Shaanxi Automobile,FALSE,,Local SOE,Provincial SOE Shaanxi (Shacman). Source: Wikipedia Shaanxi Automobile,confirmed,revision-externa-2026-07,陕西汽车控股集团有限公司,有限责任公司(国有控股),陕西省人民政府国有资产监督管理委员会,陕西省人民政府国有资产监督管理委员会->投资51%->陕西汽车控股集团有限公司|陕西省人民政府国有资产监督管理委员会->投资100%->长安汇通集团有限责任公司->投资49%->陕西汽车控股集团有限公司,,,Shaanxi SASAC holds 49% equity
Jiangsu Communication Clean Energy,jiangsu-communication-clean-energy,Jiangsu Communication Clean Energy,FALSE,,POE,ultimate control not confirmed (probable Provincial SOE Jiangsu),confirmed,revision-externa-2026-07,江苏中交新能源科技有限公司,有限责任公司(自然人投资或控股),无锡市人民政府,无锡市人民政府->投资100%->无锡市交通产业集团有限公司->投资100%->无锡通汇资本有限公司->投资100%->无锡国曦投资有限公司->投资0.5%->无锡睿客产业创业投资企业（有限合伙）->投资32%->江苏中交新能源科技有限公司,,,
Alibaba,alibaba,Alibaba,FALSE,,POE,Private: listed NYSE/HKEX (Jack Ma founder). Source: Wikipedia Alibaba,confirmed,revision-externa-2026-07,阿里巴巴（中国）有限公司,有限责任公司(港澳台法人独资),ALIBABA GROUP SERVICES LIMITED,ALIBABA GROUP SERVICES LIMITED->投资100%->阿里巴巴（中国）有限公司,,,
Zotye Holding Group,zotye-holding-group,Zotye Automobile,FALSE,,POE,Private: automotriz (Tieniu Group / Ying Jianren). Source: Wikipedia Zotye,confirmed,revision-externa-2026-07,众泰汽车股份有限公司,其他股份有限公司(上市),,,,,
China Three Gorges and China International Water & Electric Corporation,china-three-gorges-and-china-internation,China Three Gorges and China International Water & Electric,TRUE,china-three-gorges|china-three-gorges,,"CONSORTIUM, and a real one. The parent conglomerate leading a project alongside its own subsidiaries is a documented going-out strategy of Chinese SOEs, known as a ""fleet"" (舰队), confirmed by the external review on 2026-08-05. It is not one investor counted twice, so the members stay separate. Source: https://www.yicai.com/news/5287516.html",derived,,,,,,,,"it is a real consoritium, and this approach of parent conglomerate leading the project along with its subsidiaries is a widly-adopted approach known as a ""fleet,"" https://www.yicai.com/news/5287516.html"
TCL Corporation,tcl-corporation,TCL Technology,FALSE,,MIXED,Originally a Huizhou SOE; mixed-ownership reform with private management (Li Dongsheng). Source: Wikipedia TCL,confirmed,revision-externa-2026-07,TCL科技集团股份有限公司,其他股份有限公司(上市),,,,,
Hubei Energy,hubei-energy,Hubei Energy,FALSE,,Central SOE,"Provincial group in Hubei, but controlled indirectly by State Council SASAC through its subsidiary relationship with China Three Gorges, which is why the external review classifies it as a central SOE rather than a provincial one.",confirmed,revision-externa-2026-07,湖北能源集团股份有限公司,其他股份有限公司(上市),国务院国有资产监督管理委员会,国务院国有资产监督管理委员会->投资100%->中国长江三峡集团有限公司->投资37.6533%->湖北能源集团股份有限公司,,,Secondarily controlled by State Council SASAC due to its subsidiary status with Three Gorges
Foresun Group,foresun-group,Foresun,FALSE,,POE,Private conglomerate. We had left the ultimate control unconfirmed; the external review confirmed POE.,confirmed,revision-externa-2026-07,新大洲控股股份有限公司,其他股份有限公司(上市),王文锋,王文锋->投资->新大洲控股股份有限公司,,,
"China National Petroleum Corporation, Sinopec, and Andes Petroleum",china-national-petroleum-corporation-sin,"China National Petroleum Corporation, Sinopec, and Andes Petroleum",TRUE,china-national-petroleum-corporation|sinopec|andes-petroleum,,"CONSORTIUM. CNPC and Sinopec (SASAC). Andes Petroleum, the third member, is itself a CNPC + CNOOC joint venture vehicle.",derived,,,,,,,,
Sinovel Wind,sinovel-wind,Sinovel Wind,FALSE,,MIXED,Private: listed Shanghai (Han Junliang); history of fraud,confirmed,revision-externa-2026-07,华锐风电科技（集团）股份有限公司,股份有限公司（港澳台投资、上市）,大连市人民政府国有资产监督管理委员会,大连市人民政府国有资产监督管理委员会->投资100%->大连市国有资本管理运营有限公司->投资100%->大连装备投资集团有限公司->投资100%->大连重工装备集团有限公司->投资17.83%->华锐风电科技（集团）股份有限公司,,,
Jiangsu Yanghe Brewery,jiangsu-yanghe-brewery,Jiangsu Yanghe Brewery,FALSE,,Local SOE,"Yanghe, originally a Jiangsu provincial SOE under Suqian SASAC, with a mixed-management reform. The external review places it under local SASAC.",confirmed,revision-externa-2026-07,江苏洋河酒厂股份有限公司,股份有限公司(上市),宿迁市人民政府国有资产监督管理委员会,宿迁市国有资产监督管理委员会->投资->江苏洋河酒厂股份有限公司,,,Local SASAC
CNNET,cnnet,CNNET,FALSE,,POE,,confirmed,revision-externa-2026-07,中伟新材料股份有限公司,其他股份有限公司(上市),吴小歌 | 邓伟明,邓伟明->投资32.8765%->中伟新材料股份有限公司,,,
Dalian Huafeng Aquatic Products,dalian-huafeng-aquatic-products,Dalian Huafeng Aquatic Products,FALSE,,POE,"Private: aquaculture products, Dalian.",confirmed,revision-externa-2026-07,大连华丰水产有限公司,其他有限责任公司,何云峰,何云峰->投资100%->庄河市木器厂有限公司->投资89.16%->大连华丰水产有限公司,,,
EverChina,everchina,EverChina,FALSE,,POE,"OPEN: the external review returned only the Chinese name for this company, with no firm type and no controllers, so this POE rests on a thinner base than the other rows confirmed in the same round.",confirmed,revision-externa-2026-07,潤中國際控股有限公司,,,,,,
Geely,geely,Geely,FALSE,,POE,Private: Zhejiang Geely Holding (Li Shufu). Source: Wikipedia Geely,confirmed,revision-externa-2026-07,浙江吉利控股集团有限公司,有限责任公司(自然人投资或控股),李书福,李书福->投资91%->宁波彤裕企业管理有限公司->投资0.0998%->宁波翊马企业管理合伙企业（有限合伙）->投资9.7087%->浙江吉利控股集团有限公司|李书福->投资82.233%->浙江吉利控股集团有限公司,,,
Changyu Pioneer Wine,changyu-pioneer-wine,Changyu Pioneer Wine,FALSE,,MIXED,"Yantai Changyu, originally a Yantai municipal SOE, with a mixed reform (EMBO plus Illva Saronno).",confirmed,revision-externa-2026-07,烟台张裕葡萄酿酒股份有限公司,股份有限公司,国际金融有限公司 | 意迩瓦萨隆诺控股股份公司 | 烟台市人民政府国有资产监督管理委员会 | 烟台裕华投资发展有限公司,国际金融公司->投资->烟台张裕葡萄酿酒股份有限公司|意迩瓦萨隆诺控股股份公司->投资->烟台张裕葡萄酿酒股份有限公司|烟台市人民政府国有资产监督管理委员会->投资90.2713%->烟台国丰投资控股集团有限公司->投资6.3072%->烟台张裕葡萄酿酒股份有限公司|烟台裕华投资发展有限公司->投资23.652%->烟台张裕葡萄酿酒股份有限公司,,,
CNTIC Trading,cntic-trading,CNTIC Trading,FALSE,,Central SOE,"CNTIC = China National Technical Import & Export Corp, subsidiary of Genertec (SASAC central)",confirmed,revision-externa-2026-07,中国医药健康产业股份有限公司,股份有限公司(上市、国有控股),国务院国有资产监督管理委员会,国务院国有资产监督管理委员会->投资9.36%->中国医药健康产业股份有限公司,,,
LiuGong Machinery,liugong-machinery,LiuGong,FALSE,,Local SOE,Guangxi LiuGong - Provincial SOE Guangxi. Source: Wikipedia LiuGong,confirmed,revision-externa-2026-07,广西柳工集团有限公司,其他有限责任公司,广西壮族自治区人民政府国有资产监督管理委员会,广西壮族自治区人民政府国有资产监督管理委员会->投资100%->广西国控资本运营集团有限责任公司->投资33%->广西林业集团有限公司->投资0.1673%->广西金融投资集团有限公司->投资90%->广投资本管理集团有限公司->投资100%->广西工业投资发展有限责任公司->投资6.6472%->广西柳工集团有限公司|广西壮族自治区人民政府国有资产监督管理委员会->投资67%->广西投资集团有限公司->投资66.3072%->广西金融投资集团有限公司->投资90%->广投资本管理集团有限公司->投资100%->广西工业投资发展有限责任公司->投资6.6472%->广西柳工集团有限公司|广西壮族自治区人民政府国有资产监督管理委员会->投资19.3599%->广西汽车集团有限公司->投资0.664%->广西金融投资集团有限公司->投资90%->广投资本管理集团有限公司->投资100%->广西工业投资发展有限责任公司->投资6.6472%->广西柳工集团有限公司|广西壮族自治区人民政府国有资产监督管理委员会->投资67%->广西旅游发展集团有限公司->投资0.1673%->广西金融投资集团有限公司->投资90%->广投资本管理集团有限公司->投资100%->广西工业投资发展有限责任公司->投资6.6472%->广西柳工集团有限公司|广西壮族自治区人民政府国有资产监督管理委员会->投资100%->广西国控资本运营集团有限责任公司->投资80%->广西汽车集团有限公司->投资0.664%->广西金融投资集团有限公司->投资90%->广投资本管理集团有限公司->投资100%->广西工业投资发展有限责任公司->投资6.6472%->广西柳工集团有限公司|广西壮族自治区人民政府国有资产监督管理委员会->投资100%->广西国控资本运营集团有限责任公司->投资33%->广西北部湾投资集团有限公司->投资1.9868%->广西金融投资集团有限公司->投资90%->广投资本管理集团有限公司->投资100%->广西工业投资发展有限责任公司->投资6.6472%->广西柳工集团有限公司|广西壮族自治区人民政府国有资产监督管理委员会->投资67%->广西林业集团有限公司->投资0.1673%->广西金融投资集团有限公司->投资90%->广投资本管理集团有限公司->投资100%->广西工业投资发展有限责任公司->投资6.6472%->广西柳工集团有限公司|广西壮族自治区人民政府国有资产监督管理委员会->投资100%->广西国控资本运营集团有限责任公司->投资80%->广西柳工集团有限公司|广西壮族自治区人民政府国有资产监督管理委员会->投资13.3528%->广西柳工集团有限公司|广西壮族自治区人民政府国有资产监督管理委员会->投资100%->广西国控资本运营集团有限责任公司->投资33%->广西交通投资集团有限公司->投资1.9868%->广西金融投资集团有限公司->投资90%->广投资本管理集团有限公司->投资100%->广西工业投资发展有限责任公司->投资6.6472%->广西柳工集团有限公司|广西壮族自治区人民政府国有资产监督管理委员会->投资100%->广西国控资本运营集团有限责任公司->投资33%->广西投资集团有限公司->投资66.3072%->广西金融投资集团有限公司->投资90%->广投资本管理集团有限公司->投资100%->广西工业投资发展有限责任公司->投资6.6472%->广西柳工集团有限公司|广西壮族自治区人民政府国有资产监督管理委员会->投资67%->广西投资集团有限公司->投资10%->广投资本管理集团有限公司->投资100%->广西工业投资发展有限责任公司->投资6.6472%->广西柳工集团有限公司|广西壮族自治区人民政府国有资产监督管理委员会->投资67%->广西北部湾投资集团有限公司->投资1.9868%->广西金融投资集团有限公司->投资90%->广投资本管理集团有限公司->投资100%->广西工业投资发展有限责任公司->投资6.6472%->广西柳工集团有限公司|广西壮族自治区人民政府国有资产监督管理委员会->投资67%->广西交通投资集团有限公司->投资1.9868%->广西金融投资集团有限公司->投资90%->广投资本管理集团有限公司->投资100%->广西工业投资发展有限责任公司->投资6.6472%->广西柳工集团有限公司|广西壮族自治区人民政府国有资产监督管理委员会->投资100%->广西国控资本运营集团有限责任公司->投资33%->广西投资集团有限公司->投资10%->广投资本管理集团有限公司->投资100%->广西工业投资发展有限责任公司->投资6.6472%->广西柳工集团有限公司|广西壮族自治区人民政府国有资产监督管理委员会->投资100%->广西国控资本运营集团有限责任公司->投资33%->广西旅游发展集团有限公司->投资0.1673%->广西金融投资集团有限公司->投资90%->广投资本管理集团有限公司->投资100%->广西工业投资发展有限责任公司->投资6.6472%->广西柳工集团有限公司|广西壮族自治区人民政府国有资产监督管理委员会->投资100%->广西柳州钢铁集团有限公司->投资2.3183%->广西金融投资集团有限公司->投资90%->广投资本管理集团有限公司->投资100%->广西工业投资发展有限责任公司->投资6.6472%->广西柳工集团有限公司,,,Local SASAC
Goldwind Science & Technology,goldwind,Goldwind,FALSE,,MIXED,"Mixed and ambiguous: listed, largest shareholder China Three Gorges at around 21%, no holder above 50%. The external review reads Three Gorges and the state as holding controlling shares. Source: Wikipedia Goldwind",confirmed,revision-externa-2026-07,金风科技股份有限公司,其他股份有限公司(上市),,,,,Three gorges and government holds controlling shares
Trina Solar,trina-solar,Trina Solar,FALSE,,POE,Private: fabricante solar (Gao Jifan). Source: Wikipedia Trina Solar,confirmed,revision-externa-2026-07,天合光能股份有限公司,股份有限公司(上市),高纪凡,高纪凡->投资26.442%->天合光能股份有限公司,,,
Chihong Zinc and Germanium,chihong-zinc-and-germanium,Yunnan Chihong Zinc and Germanium,FALSE,,Central SOE,FALSO 'and'. subsidiary of Yunnan Metallurgical Group / Yunnan Provincial SASAC,confirmed,revision-externa-2026-07,云南驰宏锌锗股份有限公司,股份有限公司(上市、国有控股),国务院国有资产监督管理委员会,国务院国有资产监督管理委员会->投资26.872%->云南驰宏锌锗股份有限公司,,,
Chongqing Shineray Motorcycle,chongqing-shineray-motorcycle,Shineray,FALSE,,POE,Private: Chongqing Shineray Group (Gong Daxing),confirmed,revision-externa-2026-07,重庆鑫源控股有限公司,有限责任公司,龚大兴,龚大兴->投资70%->重庆鑫源控股有限公司,,,
CNQC,cnqc,China National Qingjian,FALSE,,MIXED,,confirmed,revision-externa-2026-07,青建国际集团有限公司,其他有限责任公司,王从远,王从远->投资30%->青岛汇智德管理咨询有限公司->投资0.0161%->青岛智信达企业管理合伙企业（有限合伙）->投资99.98%->青岛青建控股有限公司->投资57.9036%->国清控股集团有限公司->投资99%->青建国际集团有限公司|王从远->投资30%->青岛汇智德管理咨询有限公司->投资0.0161%->青岛智信达企业管理合伙企业（有限合伙）->投资99.98%->青岛青建控股有限公司->投资57.9036%->国清控股集团有限公司->投资100%->青岛海鼎资本投资管理有限公司->投资1%->青建国际集团有限公司,,,
23rd Metallurgical Construction Group,23rd-metallurgical-construction-group,23rd Metallurgical Construction,FALSE,,Local SOE,China 23rd Metallurgical - subsidiary of MCC/Minmetals o Provincial SOE,confirmed,revision-externa-2026-07,五矿二十三冶建设集团有限公司海南分公司,有限责任公司分公司(国有控股),,,,,
Chengxin Lithium Group,chengxin-lithium-group,Chengxin Lithium,FALSE,,POE,Private: Sichuan Chengxin Lithium listed (Yi Ruiyao),confirmed,revision-externa-2026-07,盛新锂能集团股份有限公司,其他股份有限公司(上市),姚雄杰,姚雄杰->投资12.8965%->盛新锂能集团股份有限公司,,,
Gree,gree,Gree Electric,FALSE,,POE,"Privately owned since Hillhouse became the largest shareholder in 2019. Gree Group, from which it detached that year, is an SOE.",confirmed,revision-externa-2026-07,珠海格力电器股份有限公司,其他股份有限公司(上市),,,,,"Gree Electric is privately owned, however Gree Group (from which it detached in 2019) is SOE"
Envision Energy,envision-energy,Envision Energy,FALSE,,POE,Private: tecnologia eolica/energia (Zhang Lei). Source: Wikipedia Envision,confirmed,revision-externa-2026-07,远景能源有限公司,有限责任公司（港澳台投资、非独资）,Envision Energy International Limited,Envision Energy International Limited->投资99.999%->远景能源有限公司,,,
China State Construction Engineering Corporation,china-state-construction-engineering-corporation,China State Construction Engineering,FALSE,,Local SOE,"US subsidiary of China State Construction Engineering Corp (CSCEC), a central SASAC SOE.",confirmed,revision-externa-2026-07,中国建筑集团有限公司,有限责任公司(国有独资),,,,,
Goldwind,goldwind,Goldwind,FALSE,,MIXED,"Mixed and ambiguous: listed, largest shareholder China Three Gorges at around 21%, no holder above 50%. The external review reads Three Gorges and the state as holding controlling shares. Source: Wikipedia Goldwind",confirmed,revision-externa-2026-07,金风科技股份有限公司,其他股份有限公司(上市),,,,,Three gorges and government holds controlling shares
Hebei Wenfeng Industrial Group,hebei-wenfeng-industrial-group,Hebei Wenfeng Industrial,FALSE,,POE,Private: grupo industrial Hebei (metales),confirmed,revision-externa-2026-07,河北文丰实业集团有限公司,有限责任公司(自然人投资或控股),JEFF LIU,JEFF LIU->投资90%->河北文丰实业集团有限公司,,,
Yapp Automotive Systems,yapp-automotive-systems,YAPP Automotive Systems,FALSE,,Central SOE,Private: sistemas de combustible automotriz (Yangzhou),confirmed,revision-externa-2026-07,亚普汽车部件股份有限公司,股份有限公司(上市),国务院国有资产监督管理委员会,国务院国有资产监督管理委员会->投资100%->国家开发投资集团有限公司->投资36.2619%->亚普汽车部件股份有限公司,,,State Council holds 36.3% equity
Nanjing Red Sun,nanjing-red-sun,Red Sun,FALSE,,Local SOE,"Nanjing Red Sun, a listed agrochemicals maker. Recorded as a local SOE; our earlier research had read it as private.",confirmed,revision-externa-2026-07,南京红太阳股份有限公司,股份有限公司(上市),曲靖高新技术产业开发区管理委员会,曲靖高新技术产业开发区管理委员会->投资4.3796%->南京红太阳股份有限公司,,,
Nuctech,nuctech,Nuctech,FALSE,,MIXED,Grew out of Tsinghua University through Tsinghua Tongfang. Mixed because the State Council retains some control over the equity in Tongfang.,confirmed,revision-externa-2026-07,同方威视技术股份有限公司,其他股份有限公司(非上市),国务院国有资产监督管理委员会,国务院国有资产监督管理委员会->投资31.66%->同方股份有限公司->投资71.2469%->同方威视技术股份有限公司,,,State Council have some control over its equity in Tongfang
Junefield,junefield,Junefield,FALSE,,POE,"Private: Junefield, mining and jewellery, Hong Kong.",confirmed,revision-externa-2026-07,庄胜矿产资源集团有限公司,,,,,,
Shanghai Fisheries General Corporation,shanghai-fisheries-general-corporation,Shanghai Fisheries General,FALSE,,Local SOE,"Municipal SOE in Shanghai (fisheries; part of Bright Food, under Shanghai SASAC).",confirmed,revision-externa-2026-07,上海水产集团有限公司,有限责任公司(非自然人投资或控股的法人独资),上海市国有资产监督管理委员会,上海市国有资产监督管理委员会->投资2.4907%->光明食品（集团）有限公司->投资100%->上海水产集团有限公司|上海市国有资产监督管理委员会->投资100%->上海国盛（集团）有限公司->投资43.0119%->光明食品（集团）有限公司->投资100%->上海水产集团有限公司|上海市国有资产监督管理委员会->投资100%->上海久事（集团）有限公司->投资14.9966%->光明食品（集团）有限公司->投资100%->上海水产集团有限公司,,,
Pengxin Agricultural Holdings Company Limited,shanghai-pengxin,Shanghai Pengxin,FALSE,,POE,Private: real-estate and agribusiness conglomerate (Jiang Zhaobai). Source: Bloomberg/Wikipedia,confirmed,revision-externa-2026-07,上海鹏欣（集团）有限公司,有限责任公司(自然人投资或控股的法人独资),姜照柏,姜照柏->投资99%->南通盈新投资有限公司->投资100%->上海鹏欣（集团）有限公司,,,
Chongqing Huapont Pharm Co Ltd,chongqing-huapont-pharm-co-ltd,Chongqing Huapont Pharm,FALSE,,POE,"Private: listed pharmaceutical and agrochemical company, Chongqing.",confirmed,revision-externa-2026-07,华邦生命健康股份有限公司,股份有限公司(上市、自然人投资或控股),张松山,张松山->投资11.3574%->华邦生命健康股份有限公司,,,
Sinoma Blade,china-national-building-material,China National Building Material,FALSE,,Central SOE,SASAC central SOE (CNBM; ahora bajo Sinoma/CNBM group). Source: Wikipedia CNBM,confirmed,revision-externa-2026-07,中国建材集团有限公司,有限责任公司(国有独资),中华人民共和国国务院,中华人民共和国国务院->投资100%->中国建材集团有限公司,,,
Wuhan Fiberhome International Technologies,wuhan-fiberhome-international-technologies,Fiberhome,FALSE,,Central SOE,Fiberhome (FiberHome Technologies) - controlled by SASAC (state parent). Source: Wikipedia Fiberhome,confirmed,revision-externa-2026-07,烽火通信科技股份有限公司,其他股份有限公司(上市),国务院国有资产监督管理委员会,国务院国有资产监督管理委员会->投资40.8908%->烽火通信科技股份有限公司,,,40% owned & controlled by State Council SASAC
ZhengChang,zhengchang,Zhengchang,FALSE,,POE,Private: feed machinery (Jiangsu Zhengchang).,confirmed,revision-externa-2026-07,江苏正昌集团有限公司,有限责任公司(自然人投资或控股),郝波,郝波->投资75%->江苏正昌集团有限公司,,,
AngelAlign,angelalign,Angelalign Technology,FALSE,,POE,Private: ortodoncia listed HK (Angelalign),confirmed,revision-externa-2026-07,无锡时代天使医疗器械科技有限公司,有限责任公司(外国法人独资),胡杰章,胡杰章->投资->无锡时代天使医疗器械科技有限公司,,,
Jiangxi Copper,jiangxi-copper,Jiangxi Copper,FALSE,,Local SOE,Provincial SOE Jiangxi (Jiangxi Copper Corp). Source: Wikipedia Jiangxi Copper,confirmed,revision-externa-2026-07,江西铜业集团有限公司,有限责任公司(国有控股),江西省国有资产监督管理委员会,江西省国有资产监督管理委员会->投资91.0474%->江西省国有资本运营控股集团有限公司->投资90%->江西铜业集团有限公司,,,
HANAQ Group,hanaq-group,HANAQ,FALSE,,POE,"Private: HANAQ (agro/comercio, Argentina-China).",confirmed,revision-externa-2026-07,,,,,,,
China Jinjiang Environment Holding Company Limited,china-jinjiang-environment-holding-company-limited,China Jinjiang Environment,FALSE,,POE,Private: waste-to-energy listed Singapur (Zhejiang),confirmed,revision-externa-2026-07,杭州锦江集团环境发展有限公司,有限责任公司(自然人投资或控股),钭正刚,钭正刚->投资46.6277%->杭州锦江集团有限公司->投资51%->杭州锦江集团环境发展有限公司,,,
Lenovo,lenovo,Lenovo,FALSE,,MIXED,"Largest shareholder is Legend Holdings, where the Chinese Academy of Sciences holds equity alongside private holders. Hence mixed.",confirmed,revision-externa-2026-07,联想控股股份有限公司,其他股份有限公司(上市),中国科学院,中国科学院->投资100%->中国科学院控股有限公司->投资29.05%->联想控股股份有限公司,,,CAS holds equity in Lenovo
Bluestar Silicones,sinochem-holdings,Sinochem Holdings,FALSE,,Central SOE,"SASAC central SOE. Since 2021 under Sinochem Holdings (merger with ChemChina), 100% SASAC. Source: Caixin/SASAC 2021.",confirmed,revision-externa-2026-07,中国中化控股有限责任公司,有限责任公司(国有独资),中华人民共和国国务院,中华人民共和国国务院->投资100%->中国中化控股有限责任公司,,,
Johnson Electric,johnson-electric,Johnson Electric,FALSE,,POE,"Private: Johnson Electric Holdings (Hong Kong, familia Wang). Source: Wikipedia Johnson Electric",confirmed,revision-externa-2026-07,广东德昌电机有限公司,有限责任公司（港澳台法人独资）,华生电机有限公司,华生电机有限公司->投资100%->广东德昌电机有限公司,,,
Yangtze Optical Fibre and Cable,yangtze-optical-fibre-and-cable,Yangtze Optical Fibre and Cable,FALSE,,MIXED,FALSE 'and'. YOFC is a joint venture with state shareholders (China Huaxin) and private/foreign ones (Draka). Mixed ownership.,confirmed,revision-externa-2026-07,长飞光纤光缆股份有限公司,股份有限公司(外商投资、上市),,,,,
Nexteer Automotive,nexteer-automotive,Nexteer Automotive,FALSE,,POE,"controlled by AVIC (Aviation Industry Corp of China), SASAC central. Source: Wikipedia Nexteer",confirmed,revision-externa-2026-07,耐世特汽车系统（苏州）有限公司,有限责任公司（外商投资、非独资）,STEERING HOLDING PTE. LTD,STEERING HOLDING PTE. LTD->投资80.83%->耐世特汽车系统（苏州）有限公司,,,
Solartech International Holdings,solartech-international-holdings,Solartech International,FALSE,,POE,Private: holding solar listed HK,confirmed,revision-externa-2026-07,星凱控股有限公司,,,,,,
Qihoo 360,qihoo-360,Qihoo 360,FALSE,,POE,Private: cybersecurity (Zhou Hongyi). Source: Wikipedia Qihoo 360,confirmed,revision-externa-2026-07,三六零安全科技股份有限公司,股份有限公司(上市),周鸿祎,周鸿祎->投资8.1866%->三六零安全科技股份有限公司,,,
Gold Anda Agricultural Technology,gold-anda-agricultural-technology,Gold Anda Agricultural Technology,FALSE,,POE,,confirmed,revision-externa-2026-07,深圳市金安达农业发展有限公司,有限责任公司,谢锦山,谢锦山->投资98%->深圳市金安达农业发展有限公司,,,
Hebei Huatong Wires and Cables,hebei-huatong-wires-and-cables,Hebei Huatong Wires and Cables,FALSE,,POE,FALSE 'and'. Private cable manufacturer in Hebei.,confirmed,revision-externa-2026-07,河北华通线缆集团股份有限公司,其他股份有限公司(上市),张书军 | 张宝龙 | 张文东 | 张文勇,张书军->投资2.26%->河北华通线缆集团股份有限公司|张宝龙->投资1.21%->河北华通线缆集团股份有限公司|张文东->投资14.49%->河北华通线缆集团股份有限公司|张文勇->投资16.67%->河北华通线缆集团股份有限公司,,,
BGI Genomics,bgi-genomics,BGI Genomics,FALSE,,POE,Private: genomica (BGI Group; Wang Jian). Source: Wikipedia BGI,confirmed,revision-externa-2026-07,深圳华大基因股份有限公司,其他股份有限公司(上市),汪建,汪建->投资30.0321%->深圳华大基因股份有限公司,,,
ExcellBio,excellbio,ExcellBio,FALSE,,POE,,confirmed,revision-externa-2026-07,苏州依科赛生物科技股份有限公司,股份有限公司(非上市、自然人投资或控股),陈旭,陈旭->投资92.1537%->上海骀赛科技有限公司->投资5.9681%->苏州依科赛生物科技股份有限公司|陈旭->投资98.0131%->上海吉赛投资管理有限公司->投资34.5352%->苏州依科赛生物科技股份有限公司,,,
Ningbo Tuopu Group,ningbo-tuopu-group,Tuopu,FALSE,,POE,Private: autopartes Ningbo listed (Wu Jianshu),confirmed,revision-externa-2026-07,宁波拓普集团股份有限公司,股份有限公司（港澳台投资、上市）,邬建树,邬建树->投资->宁波拓普集团股份有限公司,,,
Hytera,hytera,Hytera,FALSE,,POE,"Private: Shenzhen communications-equipment maker, listed (Chen Qingzhou). Source: Wikipedia Hytera",confirmed,revision-externa-2026-07,海能达通信股份有限公司,股份有限公司(上市),陈清州,陈清州->投资34.2%->海能达通信股份有限公司,,,
Zoomlion,zoomlion,Zoomlion,FALSE,,MIXED,Originally a Changsha SOE (a state research institute); mixed-ownership reform with dispersed shareholding. Source: Wikipedia Zoomlion,confirmed,revision-externa-2026-07,中联重科股份有限公司,其他股份有限公司(上市),,,,,
Zhen Jiang No 2,zhen-jiang-no-2,Zhenjiang No.2,FALSE,,POE,,confirmed,revision-externa-2026-07,镇江第二建筑工程有限公司,有限责任公司(自然人投资或控股),仲高平,仲高平->投资81.3801%->镇江第二建筑工程有限公司,,,
Hanaq,hanaq-group,HANAQ,FALSE,,POE,"Private: HANAQ (agro/comercio, Argentina-China).",confirmed,revision-externa-2026-07,,,,,,,
Fenchem Biotek,fenchem-biotek,Fenchem Biotek,FALSE,,POE,"Private: ingredients and nutrition, Nanjing.",confirmed,revision-externa-2026-07,南京泛成生物科技有限公司,有限责任公司(自然人投资或控股),徐金锁,徐金锁->投资50%->南京峰璟企业管理有限公司->投资55%->南京泛成国际控股有限公司->投资99.1901%->南京泛成生物科技有限公司,,,
Sky Solar Holdings,sky-solar-holdings,Sky Solar,FALSE,,POE,Private: desarrollador solar listed (Weili Su),confirmed,revision-externa-2026-07,天华阳光（深圳）新能源控股有限公司,有限责任公司(台港澳法人独资),天华国际企业集团有限公司,天华国际企业集团有限公司->投资100%->天华阳光（深圳）新能源控股有限公司,,,
Advanced Optronic Devices Brasil,advanced-optronic-devices-brasil,Advanced Optronic Devices Brasil,FALSE,,POE,Brazil subsidiary; Chinese parent not confirmed,confirmed,revision-externa-2026-07,中微光电子（潍坊）有限公司,有限责任公司(外国法人独资),美国DAGY GROUP INC,美国DAGY GROUP INC->投资100%->中微光电子（潍坊）有限公司,,,
Sanxing Electric,sanxing-electric,Sanxing Electric,FALSE,,POE,Private: electrical equipment. OPEN: ultimate control not confirmed.,confirmed,revision-externa-2026-07,宁波三星医疗电气股份有限公司,其他股份有限公司(上市),何意菊 | 郑坚江,何意菊->投资->宁波三星医疗电气股份有限公司|郑坚江->投资22.4496%->宁波三星医疗电气股份有限公司,,,
Maverick Motos,maverick-motos,Maverick Motos,FALSE,,UNKNOWN,"Motorcycle brand in Brazil; the Chinese parent was never confirmed, which is why this is still UNKNOWN. External review flagged this company for REMOVAL from the repository (red in the July sheet). Its investment is in the limited-evidence annex (reliability score 2).",flagged-for-removal,revision-externa-2026-07,,,,,,,"Brazil/Argentinian brand importing Chinese kit for assembly, no clear relations with Chinese investor, suggesting project removal"
Fubao Food Company,fubao-food-company,Fubao Food,FALSE,,POE,"OPEN: the external review describes Fubao Food as an Argentinian company with no clear relation to any Chinese parent, possibly an individual investment. It was not marked for removal, but the description is the same one given for the three companies that were. Its POE label predates that comment.",confirmed,revision-externa-2026-07,福宝食品有限公司,,,,,,"Argentinian company, no clear relations to any Chinese parent, could be private (individual level) investment"
ReneSola,renesola,ReneSola,FALSE,,POE,Private: solar listed (Li Xianshou). Source: Wikipedia ReneSola,confirmed,revision-externa-2026-07,浙江昱辉阳光能源有限公司,有限责任公司(外国法人独资),瑞能新加坡有限公司,瑞能新加坡有限公司->投资100%->浙江昱辉阳光能源有限公司,,,
Shanghai Kangzheng,shanghai-kangzheng,Shanghai Kangzheng,FALSE,,POE,,confirmed,revision-externa-2026-07,上海康正投资管理有限公司,有限责任公司(外商投资企业与内资合资),黄文亮,黄文亮->投资->上海康正投资管理有限公司,,,
Traxx Motocicletas Do Brasil,traxx-motocicletas-do-brasil,Traxx Motocicletas Do Brasil,FALSE,,Central SOE,"OPEN: motorcycle brand in Brazil whose Chinese parent we were never able to confirm. Its Central SOE label began as a plain ""SOE"" in a legacy dataset we no longer treat as a source, and the external review only normalised that value to the new enum without looking at the parent.",confirmed,revision-externa-2026-07,中国南方工业集团公司,全民所有制,中华人民共和国国务院,中华人民共和国国务院->投资100%->中国南方工业集团公司,,,
Aihuishou,aihuishou,AiHuiShou (ATRenew),FALSE,,POE,Private: NYSE-listed electronics recycling (ATRenew).,confirmed,revision-externa-2026-07,上海万物新生信息科技集团有限公司,有限责任公司(外商投资企业法人独资),AiHuiShou International Company Limited,AiHuiShou International Company Limited->投资100%->上海艾慧商贸有限公司->投资100%->上海万物新生信息科技集团有限公司,,,
ET Solar,et-solar,ET Solar,FALSE,,POE,Private: fabricante solar (Nanjing),confirmed,revision-externa-2026-07,中盛光电能源股份有限公司,股份有限公司(非上市、自然人投资或控股),泰通（泰通）工业有限公司,泰通（泰通）工业有限公司->投资28.9243%->中盛光电能源股份有限公司,,,
Yingli Solar,yingli-solar,Yingli Green Energy,FALSE,,POE,Private: fabricante solar (Miao Liansheng). Source: Wikipedia Yingli,confirmed,revision-externa-2026-07,英利集团有限公司,有限责任公司(自然人独资),苗连生,苗连生->投资100%->英利集团有限公司,,,
eBaoTech Corporation,ebaotech-corporation,eBaoTech,FALSE,,POE,"Private: insurance software, Shanghai.",confirmed,revision-externa-2026-07,易保网络技术（上海）有限公司,有限责任公司(港澳台法人独资),易保控股有限公司,易保控股有限公司->投资100%->易保网络技术（上海）有限公司,,,
China Natural Resources,china-natural-resources,China Natural Resources,FALSE,,POE,Private: Nasdaq-listed mining holding (Feize Zhang).,confirmed,revision-externa-2026-07,中国天然资源有限公司,,飞尚实业集团有限公司,,,,
China Development Bank,china-development-bank,China Development Bank,FALSE,,Central SOE,"Policy bank controlled by the Ministry of Finance. Central SOE under the criterion that control by a ministry or by Huijin counts as central, not only SASAC control.",confirmed,revision-externa-2026-07,国家开发银行,有限责任公司(国有控股),中华人民共和国财政部,中华人民共和国财政部->投资36.5362%->国家开发银行,,,Controlled by MOF
Cheetah Mobile,cheetah-mobile,Cheetah Mobile,FALSE,,POE,"Private: mobile software, linked to Kingsoft (Fu Sheng). Source: Wikipedia Cheetah Mobile",confirmed,revision-externa-2026-07,北京猎豹移动科技有限公司,有限责任公司(自然人投资或控股),求伟芹,求伟芹->投资65%->北京猎豹移动科技有限公司,,,
Ample Auto,ample-auto,Ample Auto,FALSE,,POE,"Thinly documented entity; ultimate control was never confirmed. OPEN: its POE label comes from a legacy ICLAC dataset that we no longer treat as a source, and no external review has ever verified it. External review flagged this company for REMOVAL from the repository (red in the July sheet). Note this one is still on the published map: its investment (COL-0003) has no reliability score at all, and an empty score passes the filter.",flagged-for-removal,revision-externa-2026-07,,,,,,,"No clear relations with Chinese investor, suggesting project removal"
Chemchina,sinochem-holdings,Sinochem Holdings,FALSE,,Central SOE,"SASAC central SOE. Since 2021 under Sinochem Holdings (merger with ChemChina), 100% SASAC. Source: Caixin/SASAC 2021.",confirmed,revision-externa-2026-07,中国中化控股有限责任公司,有限责任公司(国有独资),中华人民共和国国务院,中华人民共和国国务院->投资100%->中国中化控股有限责任公司,,,
Pingle,pingle,Pingle,FALSE,,POE,Private: milling machinery (Hebei Pingle).,confirmed,revision-externa-2026-07,河北苹乐粮科智能装备股份有限公司,股份有限公司(非上市、自然人投资或控股),李建军,李建军->投资42%->河北苹乐粮科智能装备股份有限公司,,,
Export-Import Bank of China,export-import-bank-of-china,Export-Import Bank of China,FALSE,,Central SOE,"State policy bank, 100% State Council. Source: Wikipedia EXIM Bank",confirmed,revision-externa-2026-07,中国进出口银行,有限责任公司(国有控股),国家外汇管理局中央外汇业务中心,国家外汇管理局中央外汇业务中心->投资100%->梧桐树投资平台有限责任公司->投资89.26%->中国进出口银行,,,
CRRC Qingdao Sifang,crrc,CRRC,FALSE,,Central SOE,CRRC Qingdao Sifang = filial de CRRC. Fusionado a id crrc. Fuente: Wikipedia CRRC Qingdao Sifang,confirmed,revision-externa-2026-07,中国中车集团有限公司,有限责任公司(国有独资),国务院国有资产监督管理委员会,国务院国有资产监督管理委员会->投资100%->中国中车集团有限公司,,,
CCCC Shanghai Dredging,china-communications-construction-company,China Communications Construction,FALSE,,Central SOE,"Subsidiary of CCCC (China Communications Construction Co), a central SASAC SOE.",confirmed,revision-externa-2026-07,中国交通建设集团有限公司,有限责任公司(国有独资),国务院国有资产监督管理委员会,国务院国有资产监督管理委员会->投资100%->中国交通建设集团有限公司,,,
Dashang Group,dashang-group,Dashang,FALSE,,MIXED,"Dalian Dashang: originally a municipal SOE, mixed-ownership reform (retail).",confirmed,revision-externa-2026-07,大商集团有限公司,其他有限责任公司,牛钢,牛钢->投资51%->大商投资管理有限公司->投资25%->大商集团有限公司|牛钢->投资51%->大商投资管理有限公司->投资100%->天津开商沅商贸有限公司->投资30%->大商集团有限公司,,,
COSCO and Xiaomi,cosco-and-xiaomi,COSCO and Xiaomi,TRUE,cosco|xiaomi,,"CONSORTIUM. COSCO (SASAC) and Xiaomi (private, Lei Jun).",derived,,,,,,,,
China Mingjin Group,china-mingjin-group,China Mingjin,FALSE,,POE,,confirmed,revision-externa-2026-07,明金天盛国际投资有限公司,有限责任公司(自然人投资或控股),郑金,郑金->投资81.09%->明金天盛国际投资有限公司,,,
ChemChina (Syngenta),sinochem-holdings,Sinochem Holdings,FALSE,,Central SOE,"SASAC central SOE. Since 2021 under Sinochem Holdings (merger with ChemChina), 100% SASAC. Source: Caixin/SASAC 2021.",confirmed,revision-externa-2026-07,中国中化控股有限责任公司,有限责任公司(国有独资),中华人民共和国国务院,中华人民共和国国务院->投资100%->中国中化控股有限责任公司,,,
Consorcio Sinohydro Corporation Limited (China) + Equipos Industriales S.A. (Honduras),powerchina,Power Construction Corporation of China,FALSE,,Central SOE,"Socio local hondureno -> es joint venture, no consorcio chino: el flag va en la base (regla 8), no aca. Lado chino = Sinohydro/PowerChina.",confirmed,revision-externa-2026-07,中国电力建设集团有限公司,有限责任公司(国有独资),国务院国有资产监督管理委员会,国务院国有资产监督管理委员会->投资100%->中国电力建设集团有限公司,,,
Texhong International Group / Danasun Energy (capital chino-hongkonés),texhong-danasun-consortium,Texhong International Group and Danasun Energy,TRUE,texhong|danasun-energy,,"OPEN: we could not resolve this one. The source row puts two companies in a single investor cell, Texhong and Danasun Energy, described as Chinese-Hong Kong capital. We need to know whether this is really a consortium and who ultimately controls each side.",derived,,,,,,,,
Comunications Construction Company Limited,china-communications-construction-company,China Communications Construction,FALSE,,Central SOE,"Subsidiary of CCCC (China Communications Construction Co), a central SASAC SOE.",confirmed,revision-externa-2026-07,中国交通建设集团有限公司,有限责任公司(国有独资),国务院国有资产监督管理委员会,国务院国有资产监督管理委员会->投资100%->中国交通建设集团有限公司,,,
Anhui Foreign Economic Construction,afecc,Anhui Foreign Economic Construction,FALSE,,Local SOE,"ICLAC PROPOSAL: Local SOE. AFECC is the Anhui provincial state construction group; the investment is the Costa Rica national stadium, the kind of turnkey stadium contract it is known for. Rule: central vs local follows the owning state body, and this one is provincial.",proposed,iclac-propuesta-2026-08,,,Anhui provincial government,,,,
Sinohydro Corporation Limited (PowerChina),powerchina,Power Construction Corporation of China,FALSE,,Central SOE,Alias de Sinohydro con la matriz entre parentesis.,confirmed,revision-externa-2026-07,中国电力建设集团有限公司,有限责任公司(国有独资),国务院国有资产监督管理委员会,国务院国有资产监督管理委员会->投资100%->中国电力建设集团有限公司,,,
Sinohydro Corporation Limited (PowerChina) — contratista EPC; propietaria: Energías Limpias del Yaguala S.A. de C.V. (privada hondureña),powerchina,Power Construction Corporation of China,FALSE,,Central SOE,"Lado chino = Sinohydro (filial PowerChina). REVISAR con el cliente: el raw dice contratista EPC con propietaria privada hondurena; si es solo obra, no es IED sino construccion.",confirmed,revision-externa-2026-07,中国电力建设集团有限公司,有限责任公司(国有独资),国务院国有资产监督管理委员会,国务院国有资产监督管理委员会->投资100%->中国电力建设集团有限公司,,,
American Recycling,american-recycling,American Recycling,FALSE,,UNKNOWN,"NO PROPOSAL, and the reason is a data problem, not a research gap: the source text for NIC-0003 is truncated exactly at ""La inversión fue realizada por..."" so the investor name is missing. ""American Recycling"" is the name of the plant, and may well be the local target rather than the Chinese investor, the same situation we found with MCM in Panama. Reported to the data team.",unreviewed,,,,,,,,
China Investment Corporation (CIC),china-investment-corporation,China Investment Corporation,FALSE,,Central SOE,"State sovereign wealth fund, under the Ministry of Finance and the State Council rather than SASAC. Source: Wikipedia CIC",confirmed,revision-externa-2026-07,中国投资有限责任公司,有限责任公司(国有独资),中华人民共和国国务院,中华人民共和国国务院->投资100%->中国投资有限责任公司,,,
"China National Off-shore Oil (CNOOC), China Petroleum and Chemical (Sinopec)",cnooc-sinopec-consortium,China National Offshore Oil and Sinopec,TRUE,china-national-offshore-oil-corporation|sinopec,,"CONSORTIUM. CNOOC and Sinopec, both central SASAC. Same reading as the CNPC + CNOOC one.",derived,,,,,,,,
China Harbour Engineering Company Ltd. (CHEC),china-communications-construction-company,China Communications Construction,FALSE,,Central SOE,"Subsidiary of CCCC (China Communications Construction Co), a central SASAC SOE.",confirmed,revision-externa-2026-07,中国交通建设集团有限公司,有限责任公司(国有独资),国务院国有资产监督管理委员会,国务院国有资产监督管理委员会->投资100%->中国交通建设集团有限公司,,,
Chaoyang Petroleum (BVI) Limited,chaoyang-petroleum,Chaoyang Petroleum,FALSE,,Central SOE,"ICLAC PROPOSAL: joint venture vehicle of CNOOC and Sinopec, both central SOEs. OPEN, two questions: (1) the source text is cut off at ""CNOOC (12.5%) and Sinopec (12,"" so the two of them add up to 25% and we do not know who holds the other 75%. If the rest is non-Chinese, this may not belong in the repository at all. (2) It is registered in the BVI, so the vehicle itself is offshore.",proposed,iclac-propuesta-2026-08,,,"SASAC (central), via CNOOC and Sinopec",,TRUE,,
Power Construction Corp. (PowerChina),powerchina,Power Construction Corporation of China,FALSE,,Central SOE,Alias del nombre completo de PowerChina.,confirmed,revision-externa-2026-07,中国电力建设集团有限公司,有限责任公司(国有独资),国务院国有资产监督管理委员会,国务院国有资产监督管理委员会->投资100%->中国电力建设集团有限公司,,,
Sinopharm,sinopharm,Sinopharm,FALSE,,Central SOE,"ICLAC PROPOSAL: Central SOE. From the consortium note ""CAMCE + Sinopharm (SASAC central)"". Rule: direct. Company with no investments of its own: appears only as a consortium member. Chinese name is an ICLAC PROPOSAL, not taken from a registry: please confirm or correct it.",proposed,iclac-propuesta-2026-08,中国医药集团有限公司,,SASAC (central),,,,
Baosteel,baosteel,Baosteel,FALSE,,Central SOE,"ICLAC PROPOSAL: Central SOE. From the consortium note ""Baosteel/Baowu (SASAC central)"". Rule: ultimate controller. Company with no investments of its own.",proposed,iclac-propuesta-2026-08,中国宝武钢铁集团有限公司,,"SASAC (central), via China Baowu",,,,
CAMCE Engineering,camce,CAMCE Engineering,FALSE,,Central SOE,"ICLAC PROPOSAL: Central SOE. From two consortium notes: ""CAMCE (Sinomach subsidiary, SASAC)"". Rule: ultimate controller. Company with no investments of its own.",proposed,iclac-propuesta-2026-08,中工国际工程股份有限公司,,"SASAC (central), via Sinomach",,,,
China National Electric Engineering Company,cneec,China National Electric Engineering Company,FALSE,,Central SOE,ICLAC PROPOSAL: Central SOE. From the CNEEC + CMEC consortium note: both are Sinomach subsidiaries. Rule: ultimate controller. Company with no investments of its own.,proposed,iclac-propuesta-2026-08,中国电力工程有限公司,,"SASAC (central), via Sinomach",,,,
China United Engineering,china-united-engineering,China United Engineering,FALSE,,Central SOE,"ICLAC PROPOSAL: Central SOE. From the consortium note with Dongfang Turbine: ""China United Engineering (Sinomach subsidiary, SASAC)"". Rule: ultimate controller. Company with no investments of its own.",proposed,iclac-propuesta-2026-08,中国联合工程有限公司,,"SASAC (central), via Sinomach",,,,
MMG,mmg,MMG,FALSE,,Central SOE,"Central SOE, under the supervision of State Council SASAC through China Minmetals.",confirmed,iclac-propuesta-2026-08,五矿资源有限公司,,"SASAC (central), via China Minmetals",,,,"correct, MMG is operating under the supervision of State Council SASAC"
Guoxin,guoxin,Guoxin,FALSE,,Central SOE,"Central SOE, under the auspices of State Council SASAC.",confirmed,iclac-propuesta-2026-08,国新国际投资有限公司,,"SASAC (central), via China Reform / Guoxin",,,,"Correct, Central SOE under the auspcis of State Council SASAC"
Xi'an Rail Transportation Group,xian-rail-transportation-group,Xi'an Rail Transportation Group,FALSE,,Local SOE,"ICLAC PROPOSAL: Local SOE. From the consortium note with CHEC: ""Xi'an Rail Transportation Group = Xi'an municipal SOE"". Rule: direct. Company with no investments of its own. Chinese name is an ICLAC PROPOSAL, not taken from a registry: please confirm or correct it.",proposed,iclac-propuesta-2026-08,西安市轨道交通集团有限公司,,Xi'an municipal government,,,,
Tongling Nonferrous,tongling-nonferrous,Tongling Nonferrous,FALSE,,Local SOE,"ICLAC PROPOSAL: Local SOE. From two consortium notes: ""Tongling Nonferrous (Anhui SOE)"". Rule: direct. Company with no investments of its own.",proposed,iclac-propuesta-2026-08,铜陵有色金属集团股份有限公司,,Anhui provincial government,,,,
Xiamen C&D,xiamen-cd,Xiamen C&D,FALSE,,Local SOE,"ICLAC PROPOSAL: Local SOE. From the Zijin + Tongling + Xiamen C&D note: ""Xiamen C&D (Xiamen SOE)"". Rule: direct. Company with no investments of its own. Chinese name is an ICLAC PROPOSAL, not taken from a registry: please confirm or correct it.",proposed,iclac-propuesta-2026-08,厦门建发集团有限公司,,Xiamen municipal government,,,,
Jiangtong Group,jiangtong-group,Jiangtong Group,FALSE,,Local SOE,"ICLAC PROPOSAL: Local SOE. From the consortium note with Zhongrong Xinda: ""Jiangtong / Jiangxi Copper (provincial SOE)"". Rule: direct. Company with no investments of its own. Chinese name is an ICLAC PROPOSAL, not taken from a registry: please confirm or correct it.",proposed,iclac-propuesta-2026-08,江西铜业集团有限公司,,Jiangxi provincial government,,,,
Taiyuan Iron,taiyuan-iron,Taiyuan Iron,FALSE,,Central SOE,"Central SOE. TISCO has been controlled by China Baowu since 2020 and is therefore under State Council SASAC, not the Shanxi provincial government. The external review confirmed on 2026-08-05 that our earlier Local SOE was wrong.",confirmed,iclac-propuesta-2026-08,太原钢铁（集团）有限公司,,"SASAC (central), via China Baowu",,,,"Correct, controlled by Baowu since 2020, and therefore under the supervision of State Council SASAC."
Hopu Investments,hopu-investments,Hopu Investments,FALSE,,POE,"ICLAC PROPOSAL: POE. From the consortium note with COFCO: ""Hopu Investments (private PE fund, Fang Fenglei)"". Rule: direct. Company with no investments of its own.",proposed,iclac-propuesta-2026-08,厚朴投资管理有限公司,,Private (Fang Fenglei),,,,
Zhongrong Xinda,zhongrong-xinda,Zhongrong Xinda,FALSE,,POE,"ICLAC PROPOSAL: POE. From the consortium note with Jiangtong: ""Zhongrong Xinda (private)"". Rule: direct. Company with no investments of its own.",proposed,iclac-propuesta-2026-08,中融新大集团有限公司,,Private,,,,
Xiaomi,xiaomi,Xiaomi,FALSE,,POE,"ICLAC PROPOSAL: POE. From the consortium note with COSCO: ""Xiaomi (private, Lei Jun)"". Rule: direct. Company with no investments of its own. Chinese name is an ICLAC PROPOSAL, not taken from a registry: please confirm or correct it.",proposed,iclac-propuesta-2026-08,小米集团,,Private (Lei Jun),,,,
Andes Petroleum,andes-petroleum,Andes Petroleum,FALSE,,Central SOE,"Central SOE. Joint venture between CNPC (55%) and Sinopec (45%), both central SOEs. Corrected on 2026-08-05: our note said CNOOC, and the external review pointed to CNPC official documents (cnpc.com.cn, CNPC in Latin America).",confirmed,iclac-propuesta-2026-08,中国石油天然气集团公司 | 中国石油化工集团公司,,"SASAC (central), via CNPC (55%) and Sinopec (45%)",,TRUE,,It is a joint venture with CNPC holding 55% of share and SINOPEC holding 45% of the share.
Texhong International Group,texhong,Texhong International Group,FALSE,,POE,ICLAC PROPOSAL: POE. Texhong International Group is Hong Kong listed and founder controlled. The source row describes a textile park in Honduras.,proposed,iclac-propuesta-2026-08,,,Hong Tianzhu (founder),,,,
Danasun Energy,danasun-energy,Danasun Energy,FALSE,,UNKNOWN,"NO PROPOSAL. The source row for HND-0003 puts two companies in one investor cell, Texhong and Danasun Energy, and describes a textile park plus a solar plant. Texhong is the textile side; we have nothing on Danasun. The row probably needs splitting into two investments.",unreviewed,iclac-propuesta-2026-08,,,,,,,
MCM,mcm,MCM,FALSE,,,"Panamanian subsidiary of Munilla Construction Management (US). Not a Chinese company, so ownership does not apply. The external review suggests removing it from the registry but keeping it as a member of the Ciudad de Esperanza consortium (PAN-0015). OPEN: dropping the row while leaving it in members would send PAN-0015 back to UNKNOWN.",,iclac-propuesta-2026-08,,,,,,Panama,"MCM seems to be a Panamanian subsidiary of the US-based Munilla Construction Management (MCM) https://www.bnamericas.com/en/company-profile/mcm-global-sa-mcm-global; Suggesting removal from the firm registry, however, it might be helpful to keep it as a member of the consortium. https://www.instagram.com/p/BLRjXMBjf2h/"
